time,open,high,low,close,tick_volume
2018-01-02,1302.96,1318.92,1302.26,1317.38,200996
2018-01-03,1317.48,1321.46,1307.46,1313.1,203751
2018-01-04,1312.88,1326.01,1305.9,1322.7,216293
2018-01-05,1322.63,1323.45,1313.69,1319.42,213603
2018-01-08,1320.79,1322.16,1314.84,1320.4,160230
2018-01-09,1320.22,1320.48,1308.84,1312.77,217551
2018-01-10,1312.3,1327.74,1308.25,1316.62,276465
2018-01-11,1316.75,1323.98,1315.72,1322.35,235408
2018-01-12,1322.64,1339.39,1321.58,1337.74,256215
2018-01-15,1336.27,1344.76,1335.88,1339.86,161751
2018-01-16,1340.39,1342.31,1331.92,1338.39,247744
2018-01-17,1338.39,1343.99,1325.75,1326.1,288184
2018-01-18,1326.79,1333.14,1324.21,1326.8,271058
2018-01-19,1326.6,1338.09,1326.31,1331.61,252226
2018-01-22,1334.72,1335.67,1328.41,1333.83,202212
2018-01-23,1333.75,1341.8,1331.38,1341.14,237734
2018-01-24,1341.48,1362.14,1339.52,1358.4,278652
2018-01-25,1357.49,1366.08,1342.49,1348.27,375004
2018-01-26,1347.15,1357.15,1344.63,1350.24,328103
2018-01-29,1349.68,1352.41,1337.62,1340.32,251784
2018-01-30,1340.7,1348.97,1334.47,1338.52,303221
2018-01-31,1338.15,1347.58,1332.71,1345.04,318961
2018-02-01,1344.73,1351.11,1337.28,1348.79,312197
2018-02-02,1349.07,1350.08,1327.48,1332.85,352705
2018-02-05,1331.56,1341.62,1329.02,1339.53,377991
2018-02-06,1339.68,1346.12,1320.25,1324.34,555616
2018-02-07,1323.77,1332.33,1311.45,1318.42,410940
2018-02-08,1318.0,1322.18,1307.08,1318.83,433793
2018-02-09,1318.24,1322.7,1311.16,1315.97,448403
2018-02-12,1314.91,1326.81,1314.18,1322.52,289971
2018-02-13,1322.47,1331.08,1321.63,1329.36,318416
2018-02-14,1329.42,1355.54,1317.02,1350.42,421799
2018-02-15,1349.98,1357.16,1348.59,1353.23,339146
2018-02-16,1353.61,1361.76,1344.78,1347.65,323774
2018-02-19,1347.51,1351.4,1345.83,1346.68,163487
2018-02-20,1346.66,1348.2,1328.51,1329.44,291123
2018-02-21,1328.88,1336.25,1322.4,1324.41,332533
2018-02-22,1323.66,1332.14,1320.97,1331.93,303338
2018-02-23,1331.3,1332.17,1325.84,1328.89,247816
2018-02-26,1328.2,1341.06,1326.6,1333.26,271228
2018-02-27,1332.55,1336.74,1313.45,1318.46,321179
2018-02-28,1317.75,1322.57,1315.64,1318.07,290715
2018-03-01,1318.0,1321.18,1302.82,1316.96,411354
2018-03-02,1317.11,1325.48,1315.25,1322.4,347322
2018-03-05,1323.58,1327.8,1317.55,1320.3,335910
2018-03-06,1319.76,1338.49,1319.64,1334.62,338852
2018-03-07,1337.66,1340.48,1322.21,1325.52,360134
2018-03-08,1325.01,1329.06,1319.05,1321.91,306521
2018-03-09,1321.71,1325.17,1312.83,1323.37,314885
2018-03-12,1323.44,1324.28,1315.1,1323.02,232495
2018-03-13,1322.79,1328.34,1313.81,1326.38,291306
2018-03-14,1326.3,1330.04,1321.46,1324.93,277419
2018-03-15,1324.33,1327.92,1314.96,1316.12,256412
2018-03-16,1316.18,1321.77,1309.66,1313.77,255003
2018-03-19,1313.34,1319.65,1307.79,1316.88,263894
2018-03-20,1316.61,1318.28,1307.22,1311.13,253059
2018-03-21,1310.72,1336.65,1309.85,1332.05,304221
2018-03-22,1331.73,1334.9,1324.8,1328.92,357326
2018-03-23,1329.19,1350.27,1328.99,1347.06,359998
2018-03-26,1347.08,1355.94,1343.51,1353.48,260470
2018-03-27,1353.45,1356.86,1339.88,1344.68,272246
2018-03-28,1345.17,1347.05,1323.48,1324.76,343946
2018-03-29,1324.74,1328.36,1321.21,1325.15,280190
2018-04-02,1325.5,1344.95,1324.84,1341.29,258964
2018-04-03,1340.44,1342.5,1328.92,1332.77,317008
2018-04-04,1332.57,1348.26,1331.52,1333.22,347035
2018-04-05,1332.82,1334.89,1322.77,1326.56,283165
2018-04-06,1326.12,1335.52,1319.79,1333.18,379721
2018-04-09,1333.77,1338.01,1326.91,1336.26,291213
2018-04-10,1336.07,1342.59,1331.07,1339.56,324396
2018-04-11,1339.3,1365.29,1339.06,1353.18,340306
2018-04-12,1352.65,1353.19,1333.76,1335.0,334317
2018-04-13,1334.58,1347.19,1333.34,1345.33,291972
2018-04-16,1346.14,1350.54,1340.19,1345.82,269374
2018-04-17,1345.98,1349.42,1337.7,1347.24,261943
2018-04-18,1347.35,1355.7,1342.31,1349.3,283909
2018-04-19,1349.23,1354.71,1340.96,1345.46,308430
2018-04-20,1345.52,1346.31,1334.99,1335.49,262553
2018-04-23,1334.25,1335.51,1322.15,1324.74,248220
2018-04-24,1324.51,1332.69,1322.11,1330.41,277202
2018-04-25,1330.01,1332.09,1318.84,1323.31,254509
2018-04-26,1322.62,1326.64,1315.33,1316.93,268644
2018-04-27,1316.64,1325.27,1315.42,1323.36,244392
2018-04-30,1322.3,1325.4,1310.24,1315.27,225372
2018-05-01,1314.72,1316.37,1301.76,1303.97,218823
2018-05-02,1303.53,1313.52,1303.48,1304.76,306390
2018-05-03,1304.61,1318.13,1304.45,1312.18,299963
2018-05-04,1311.75,1315.4,1308.02,1314.98,257058
2018-05-07,1314.12,1318.95,1310.25,1314.16,208063
2018-05-08,1313.4,1317.84,1306.12,1314.37,293220
2018-05-09,1314.49,1317.47,1304.32,1312.72,268904
2018-05-10,1312.41,1322.92,1310.78,1321.3,289942
2018-05-11,1321.21,1325.98,1317.23,1318.05,225721
2018-05-14,1318.16,1322.35,1313.0,1313.38,213252
2018-05-15,1312.55,1314.91,1288.73,1290.59,283484
2018-05-16,1289.93,1296.94,1286.41,1290.76,278374
2018-05-17,1290.53,1294.43,1285.09,1290.87,265041
2018-05-18,1290.71,1294.23,1286.08,1293.06,224425
2018-05-21,1290.58,1293.17,1282.1,1292.67,232903
2018-05-22,1292.75,1296.19,1287.96,1291.34,251478
2018-05-23,1290.93,1298.58,1287.95,1293.41,327597
2018-05-24,1293.65,1306.66,1292.79,1304.77,274637
2018-05-25,1304.33,1307.82,1299.9,1301.49,267970
2018-05-28,1299.64,1300.37,1295.56,1297.85,158467
2018-05-29,1297.85,1306.55,1292.96,1298.66,344296
2018-05-30,1298.65,1304.39,1295.92,1301.33,371687
2018-05-31,1301.24,1306.48,1297.32,1298.25,336170
2018-06-01,1298.65,1300.66,1289.38,1293.15,294823
2018-06-04,1292.73,1298.1,1290.26,1291.87,240892
2018-06-05,1292.12,1300.57,1289.81,1296.42,256759
2018-06-06,1296.19,1301.83,1293.83,1296.52,240525
2018-06-07,1296.41,1303.18,1294.91,1296.95,265710
2018-06-08,1296.83,1300.59,1292.62,1298.94,246473
2018-06-11,1299.79,1302.34,1294.14,1300.26,192722
2018-06-12,1300.11,1300.59,1293.09,1295.78,228788
2018-06-13,1295.04,1301.26,1291.84,1299.52,218981
2018-06-14,1299.22,1309.3,1297.56,1302.1,262795
2018-06-15,1302.38,1303.16,1275.48,1279.54,279221
2018-06-18,1277.36,1282.45,1277.08,1278.34,179385
2018-06-19,1277.31,1284.09,1270.46,1274.44,276867
2018-06-20,1274.65,1276.45,1267.67,1267.95,231997
2018-06-21,1267.44,1270.15,1261.38,1267.09,262677
2018-06-22,1266.49,1271.24,1266.49,1269.27,207364
2018-06-25,1270.1,1272.6,1264.51,1265.47,223552
2018-06-26,1265.55,1267.68,1254.75,1258.83,241483
2018-06-27,1258.69,1260.11,1250.73,1252.04,292033
2018-06-28,1251.78,1254.31,1245.98,1248.19,275419
2018-06-29,1247.84,1255.66,1246.19,1252.69,262293
2018-07-02,1251.64,1254.23,1239.71,1241.9,228264
2018-07-03,1241.89,1256.86,1237.97,1252.67,227590
2018-07-04,1252.91,1261.12,1252.03,1255.68,161342
2018-07-05,1255.53,1259.78,1251.33,1257.64,244784
2018-07-06,1257.13,1259.01,1252.83,1254.69,219906
2018-07-09,1255.03,1265.98,1255.03,1257.64,188042
2018-07-10,1257.34,1260.38,1247.38,1255.49,206584
2018-07-11,1255.82,1256.93,1241.57,1242.08,269389
2018-07-12,1241.63,1248.58,1241.34,1247.08,208227
2018-07-13,1247.16,1248.14,1236.52,1241.19,212515
2018-07-16,1240.88,1245.58,1238.36,1240.91,170389
2018-07-17,1240.51,1245.03,1226.11,1227.62,231346
2018-07-18,1226.83,1229.17,1221.09,1227.5,213432
2018-07-19,1227.14,1229.15,1211.46,1222.74,302108
2018-07-20,1223.05,1232.3,1215.7,1231.79,332091
2018-07-23,1231.35,1235.16,1222.28,1224.5,258406
2018-07-24,1224.26,1229.55,1218.15,1224.41,264059
2018-07-25,1224.06,1234.2,1223.28,1231.46,260021
2018-07-26,1231.55,1235.26,1222.37,1222.57,249429
2018-07-27,1222.66,1227.36,1217.58,1222.58,210189
2018-07-30,1222.69,1225.11,1219.03,1221.46,167722
2018-07-31,1221.22,1228.64,1214.0,1223.72,254733
2018-08-01,1223.45,1224.85,1215.82,1215.96,227969
2018-08-02,1215.67,1221.23,1207.12,1207.77,230362
2018-08-03,1206.42,1220.07,1204.5,1213.33,236713
2018-08-06,1213.6,1217.89,1206.26,1207.35,180665
2018-08-07,1207.12,1216.17,1207.11,1210.96,186401
2018-08-08,1210.73,1215.87,1206.46,1213.66,205325
2018-08-09,1213.66,1217.31,1210.79,1212.31,211942
2018-08-10,1212.26,1217.12,1205.77,1211.15,317112
2018-08-13,1211.05,1213.88,1191.68,1193.55,313480
2018-08-14,1194.08,1198.75,1192.07,1193.95,236414
2018-08-15,1194.09,1194.73,1173.12,1174.69,313246
2018-08-16,1175.64,1182.04,1160.19,1174.06,352703
2018-08-17,1173.84,1185.05,1171.94,1184.61,271304
2018-08-20,1183.34,1190.88,1182.81,1190.49,204502
2018-08-21,1190.45,1197.04,1187.68,1196.07,237306
2018-08-22,1196.5,1201.62,1192.59,1195.45,235964
2018-08-23,1196.1,1196.63,1183.91,1185.2,240572
2018-08-24,1185.05,1208.62,1183.15,1205.96,265710
2018-08-27,1207.09,1212.43,1203.11,1211.27,204192
2018-08-28,1211.18,1214.32,1199.65,1201.05,242475
2018-08-29,1200.76,1207.27,1200.7,1206.55,241308
2018-08-30,1206.63,1207.9,1196.28,1199.83,261020
2018-08-31,1200.34,1208.88,1198.28,1201.01,269251
2018-09-03,1200.69,1203.9,1195.68,1201.06,150211
2018-09-04,1200.45,1202.03,1189.66,1191.41,262701
2018-09-05,1191.41,1198.43,1190.9,1196.71,228336
2018-09-06,1196.54,1207.01,1195.84,1200.07,257867
2018-09-07,1199.92,1203.54,1193.48,1195.78,276285
2018-09-10,1195.1,1198.54,1191.57,1195.83,207753
2018-09-11,1194.96,1199.4,1187.75,1198.64,214139
2018-09-12,1198.02,1208.5,1192.72,1206.15,252836
2018-09-13,1206.96,1212.67,1200.21,1201.41,246737
2018-09-14,1201.42,1208.58,1193.29,1193.69,208138
2018-09-17,1194.24,1204.83,1192.84,1201.34,138327
2018-09-18,1201.29,1203.58,1195.9,1198.26,167829
2018-09-19,1197.13,1206.23,1197.13,1203.92,145542
2018-09-20,1204.0,1208.46,1201.33,1207.09,133980
2018-09-21,1207.15,1211.06,1191.85,1199.58,158894
2018-09-24,1198.85,1204.21,1194.46,1198.81,138134
2018-09-25,1198.55,1203.37,1197.12,1201.15,128411
2018-09-26,1200.81,1202.49,1190.55,1194.37,145312
2018-09-27,1194.75,1198.64,1181.9,1182.76,163152
2018-09-28,1182.71,1193.84,1180.67,1191.95,158578
2018-10-01,1192.32,1192.41,1184.63,1188.74,136914
2018-10-02,1188.77,1208.27,1188.46,1202.94,150888
2018-10-03,1203.78,1208.3,1196.62,1197.28,150889
2018-10-04,1197.47,1206.82,1196.01,1199.83,164535
2018-10-05,1199.68,1205.84,1197.29,1202.91,163205
2018-10-08,1203.09,1204.1,1183.37,1187.95,123374
2018-10-09,1188.62,1191.93,1183.33,1189.71,164056
2018-10-10,1189.47,1194.8,1185.36,1194.64,154871
2018-10-11,1194.54,1226.34,1191.3,1224.2,227228
2018-10-12,1224.13,1224.17,1215.87,1218.08,166508
2018-10-15,1217.36,1233.3,1216.89,1226.86,153193
2018-10-16,1226.77,1232.45,1223.39,1224.73,144930
2018-10-17,1224.51,1229.54,1220.67,1222.22,151518
2018-10-18,1221.98,1230.16,1218.72,1225.75,162615
2018-10-19,1225.54,1230.83,1223.15,1226.26,131610
2018-10-22,1227.32,1229.59,1220.11,1222.0,116675
2018-10-23,1221.77,1239.78,1221.71,1230.11,159973
2018-10-24,1230.3,1234.25,1225.66,1234.04,144933
2018-10-25,1233.65,1239.24,1228.14,1232.1,167461
2018-10-26,1232.09,1243.45,1230.08,1233.61,209049
2018-10-29,1234.01,1235.41,1224.38,1229.35,166037
2018-10-30,1230.11,1230.63,1219.93,1223.02,174633
2018-10-31,1222.9,1223.32,1212.02,1214.63,152188
2018-11-01,1215.31,1237.39,1214.72,1233.14,167720
2018-11-02,1233.78,1236.45,1229.77,1232.96,177326
2018-11-05,1233.05,1235.18,1226.88,1231.59,122781
2018-11-06,1231.44,1235.95,1223.51,1226.93,120290
2018-11-07,1227.07,1236.43,1223.01,1226.55,178320
2018-11-08,1226.19,1227.17,1220.16,1223.49,155619
2018-11-09,1223.32,1223.66,1206.78,1209.37,161263
2018-11-12,1209.74,1211.51,1200.19,1200.47,123009
2018-11-13,1200.36,1205.25,1196.33,1202.12,156952
2018-11-14,1201.24,1216.6,1197.71,1210.78,178311
2018-11-15,1211.05,1216.48,1207.92,1213.26,188726
2018-11-16,1213.66,1225.33,1213.17,1221.51,152220
2018-11-19,1222.38,1225.29,1218.03,1224.02,124178
2018-11-20,1224.06,1228.79,1219.98,1221.56,146945
2018-11-21,1221.6,1230.08,1219.78,1225.93,133362
2018-11-22,1224.84,1229.13,1224.84,1227.37,71820
2018-11-23,1225.71,1228.58,1220.19,1222.78,92506
2018-11-26,1223.52,1228.1,1221.77,1222.1,111510
2018-11-27,1222.16,1225.3,1211.93,1214.83,130034
2018-11-28,1214.63,1226.59,1211.2,1220.85,131844
2018-11-29,1221.05,1229.03,1220.54,1224.21,129125
2018-11-30,1224.16,1225.61,1216.71,1222.22,112049
2018-12-03,1224.79,1234.98,1219.59,1230.71,142517
2018-12-04,1230.33,1241.97,1230.27,1238.46,158955
2018-12-05,1238.92,1239.28,1233.34,1237.09,87537
2018-12-06,1237.65,1244.36,1234.78,1237.82,195158
2018-12-07,1237.26,1250.07,1237.21,1248.59,152681
2018-12-10,1249.67,1250.94,1241.63,1244.37,150097
2018-12-11,1244.06,1249.57,1241.07,1243.02,144302
2018-12-12,1242.98,1247.25,1242.03,1245.58,142790
2018-12-13,1245.67,1246.76,1240.17,1241.95,122580
2018-12-14,1241.73,1243.08,1232.95,1238.38,122058
2018-12-17,1238.85,1248.14,1235.83,1245.9,283877
2018-12-18,1245.83,1250.44,1245.1,1249.45,312938
2018-12-19,1249.69,1258.09,1241.74,1242.99,389691
2018-12-20,1243.45,1266.51,1242.76,1259.7,478942
2018-12-21,1260.02,1262.8,1253.96,1255.46,398595
2018-12-24,1257.5,1269.6,1257.14,1268.9,286807
2018-12-26,1269.47,1279.12,1264.31,1266.93,342365
2018-12-27,1266.8,1278.98,1266.18,1275.64,459532
2018-12-28,1275.04,1282.17,1274.3,1280.66,366170
2018-12-31,1280.65,1284.11,1277.47,1282.46,251781
2019-01-02,1282.23,1288.78,1278.74,1284.51,378836
2019-01-03,1284.2,1295.0,1284.2,1294.19,462408
2019-01-04,1294.07,1298.61,1276.66,1284.91,461017
2019-01-07,1284.89,1295.1,1282.71,1289.23,349329
2019-01-08,1288.9,1290.25,1279.43,1285.27,347839
2019-01-09,1284.99,1293.9,1280.13,1293.25,313362
2019-01-10,1292.81,1297.09,1286.19,1286.5,153108
2019-01-11,1286.89,1295.18,1286.74,1287.47,145250
2019-01-14,1287.64,1295.9,1287.41,1291.54,124844
2019-01-15,1291.92,1294.73,1286.76,1289.35,147119
2019-01-16,1289.77,1295.0,1287.91,1293.49,127087
2019-01-17,1294.05,1295.35,1288.77,1291.95,166106
2019-01-18,1292.22,1292.51,1280.67,1281.52,121512
2019-01-21,1281.61,1283.59,1276.82,1280.22,54282
2019-01-22,1280.07,1285.52,1277.46,1285.04,109965
2019-01-23,1284.85,1286.55,1278.7,1282.7,111514
2019-01-24,1282.77,1284.85,1276.81,1281.09,138737
2019-01-25,1280.8,1304.07,1279.96,1302.51,131350
2019-01-28,1302.95,1304.45,1297.71,1303.18,110737
2019-01-29,1303.19,1311.99,1302.74,1311.46,117300
2019-01-30,1311.7,1323.39,1309.08,1319.66,146017
2019-01-31,1320.33,1326.3,1317.51,1321.35,147617
2019-02-01,1321.1,1323.61,1316.18,1317.69,141055
2019-02-04,1318.07,1319.09,1308.66,1312.12,109377
2019-02-05,1312.06,1316.91,1310.76,1315.25,115384
2019-02-06,1315.1,1315.85,1305.73,1306.51,114060
2019-02-07,1306.25,1311.98,1302.81,1310.1,127810
2019-02-08,1310.29,1315.67,1307.82,1314.11,104618
2019-02-11,1313.88,1314.89,1303.72,1308.14,99525
2019-02-12,1308.15,1314.82,1306.54,1310.76,109768
2019-02-13,1310.5,1318.22,1305.07,1306.14,117508
2019-02-14,1306.01,1314.42,1302.37,1312.41,144340
2019-02-15,1312.6,1322.63,1311.43,1321.28,112470
2019-02-18,1321.02,1327.65,1320.68,1326.41,72396
2019-02-19,1326.34,1341.87,1322.9,1341.06,140944
2019-02-20,1340.28,1346.76,1336.87,1338.49,146064
2019-02-21,1338.2,1341.53,1321.08,1323.28,182454
2019-02-22,1323.65,1333.13,1321.54,1327.85,148623
2019-02-25,1327.69,1332.64,1325.19,1327.4,134485
2019-02-26,1327.43,1330.19,1323.55,1328.94,132175
2019-02-27,1328.68,1329.92,1316.96,1319.76,126305
2019-02-28,1318.77,1327.31,1312.65,1313.14,147083
2019-03-01,1313.85,1315.25,1290.22,1293.55,167539
2019-03-04,1293.51,1297.08,1282.85,1286.63,122844
2019-03-05,1286.66,1289.64,1281.19,1287.8,114472
2019-03-06,1287.54,1290.96,1283.65,1286.4,113801
2019-03-07,1286.09,1289.03,1280.9,1285.53,120751
2019-03-08,1286.08,1300.76,1285.21,1298.23,134986
2019-03-11,1297.95,1299.14,1290.49,1293.4,96555
2019-03-12,1293.71,1302.24,1292.08,1301.43,114095
2019-03-13,1301.5,1311.29,1300.63,1309.07,96695
2019-03-14,1309.01,1310.38,1292.86,1296.12,88318
2019-03-15,1296.29,1306.41,1294.04,1302.05,105978
2019-03-18,1301.99,1306.75,1298.23,1303.6,80116
2019-03-19,1303.49,1310.91,1302.35,1306.44,84642
2019-03-20,1305.72,1316.98,1298.71,1312.52,120881
2019-03-21,1312.92,1320.39,1303.31,1309.39,113087
2019-03-22,1309.3,1314.97,1306.86,1313.29,134761
2019-03-25,1313.56,1324.54,1311.02,1321.84,103046
2019-03-26,1321.81,1323.29,1312.73,1315.6,108897
2019-03-27,1315.57,1319.31,1308.17,1309.35,113746
2019-03-28,1309.67,1312.36,1288.53,1290.29,131850
2019-03-29,1290.27,1299.83,1286.8,1292.0,122147
2019-04-01,1292.28,1297.05,1286.52,1287.63,104490
2019-04-02,1287.38,1292.6,1285.32,1292.41,87163
2019-04-03,1292.21,1294.61,1288.42,1289.83,92332
2019-04-04,1290.3,1294.42,1280.9,1292.21,82279
2019-04-05,1292.43,1293.64,1284.44,1291.5,95794
2019-04-08,1291.22,1303.74,1291.22,1297.41,82437
2019-04-09,1297.59,1306.2,1296.61,1304.06,85339
2019-04-10,1303.94,1310.62,1300.96,1308.03,88191
2019-04-11,1307.97,1309.22,1289.68,1292.6,90777
2019-04-12,1292.66,1295.79,1290.06,1290.42,86094
2019-04-15,1291.16,1292.03,1282.56,1287.88,80881
2019-04-16,1287.89,1288.76,1272.99,1276.79,91246
2019-04-17,1276.57,1279.81,1273.09,1273.99,86378
2019-04-18,1274.26,1277.69,1271.18,1275.46,84846
2019-04-22,1275.78,1279.84,1273.85,1274.87,60371
2019-04-23,1275.29,1276.53,1266.34,1272.19,78310
2019-04-24,1272.08,1278.6,1268.79,1275.61,94038
2019-04-25,1275.76,1282.6,1273.4,1277.18,92701
2019-04-26,1276.97,1288.72,1274.5,1285.92,104097
2019-04-29,1286.45,1286.89,1278.09,1279.79,71856
2019-04-30,1279.91,1286.25,1279.81,1283.44,102335
2019-05-01,1283.16,1287.24,1272.97,1276.63,93103
2019-05-02,1276.52,1278.05,1266.31,1270.46,91832
2019-05-03,1270.7,1282.59,1268.51,1279.04,99899
2019-05-06,1280.75,1285.79,1277.05,1280.38,99340
2019-05-07,1281.36,1286.11,1278.25,1284.36,94025
2019-05-08,1284.08,1291.51,1279.39,1280.79,92217
2019-05-09,1280.73,1288.25,1279.64,1283.89,105479
2019-05-10,1283.96,1289.42,1283.19,1285.75,101021
2019-05-13,1287.58,1301.28,1282.02,1299.78,99542
2019-05-14,1300.13,1303.33,1293.75,1296.91,72542
2019-05-15,1297.22,1300.9,1293.07,1296.48,86686
2019-05-16,1296.34,1298.75,1284.14,1286.61,75923
2019-05-17,1286.82,1288.95,1274.87,1277.71,87387
2019-05-20,1277.55,1279.06,1273.69,1277.73,81159
2019-05-21,1277.36,1277.95,1269.55,1274.73,70007
2019-05-22,1274.62,1277.33,1272.52,1273.33,68848
2019-05-23,1271.75,1287.31,1271.68,1283.4,95572
2019-05-24,1283.46,1285.27,1280.76,1284.82,70930
2019-05-27,1284.77,1287.42,1283.81,1285.03,33617
2019-05-28,1285.43,1286.66,1276.14,1279.38,84366
2019-05-29,1279.35,1285.58,1279.11,1279.84,98017
2019-05-30,1280.03,1289.2,1275.06,1288.42,83269
2019-05-31,1288.28,1306.96,1288.03,1305.55,129315
2019-06-03,1306.98,1327.99,1305.95,1324.71,127103
2019-06-04,1325.05,1329.09,1320.03,1325.4,114169
2019-06-05,1325.7,1344.1,1324.55,1330.24,141920
2019-06-06,1331.61,1339.81,1327.26,1335.5,121818
2019-06-07,1335.25,1348.26,1330.31,1340.38,111163
2019-06-10,1336.48,1337.76,1325.12,1327.99,96765
2019-06-11,1328.29,1329.9,1319.92,1326.79,98489
2019-06-12,1327.0,1338.4,1326.03,1333.36,109425
2019-06-13,1333.98,1343.17,1332.42,1341.89,101832
2019-06-14,1342.36,1358.2,1337.86,1341.33,137084
2019-06-17,1341.82,1343.55,1333.04,1339.61,103755
2019-06-18,1340.29,1354.69,1338.65,1346.55,139208
2019-06-19,1346.41,1362.56,1341.38,1360.23,135069
2019-06-20,1360.44,1394.01,1357.73,1388.44,204627
2019-06-21,1387.29,1411.78,1382.39,1398.96,205079
2019-06-24,1400.19,1421.47,1399.84,1419.32,160210
2019-06-25,1419.47,1439.12,1411.98,1423.42,222454
2019-06-26,1423.54,1424.49,1401.79,1408.79,189200
2019-06-27,1409.13,1412.14,1398.68,1409.38,150976
2019-06-28,1409.74,1424.7,1405.7,1409.46,148102
2019-07-01,1398.45,1398.45,1381.8,1383.61,171207
2019-07-02,1383.14,1421.02,1383.14,1418.26,160146
2019-07-03,1421.32,1437.72,1412.09,1418.65,187031
2019-07-04,1419.89,1421.71,1410.27,1415.35,72282
2019-07-05,1415.41,1424.2,1386.78,1398.68,168544
2019-07-08,1398.13,1407.66,1391.78,1395.47,132059
2019-07-09,1395.74,1400.1,1385.86,1397.38,117004
2019-07-10,1397.56,1418.67,1389.96,1418.53,155757
2019-07-11,1418.75,1427.17,1400.78,1403.5,160150
2019-07-12,1404.37,1416.92,1403.0,1415.25,140764
2019-07-15,1415.36,1419.75,1407.77,1413.77,114178
2019-07-16,1414.44,1418.27,1401.0,1405.75,138000
2019-07-17,1406.21,1426.79,1400.14,1426.39,136680
2019-07-18,1426.45,1448.13,1414.6,1445.76,179406
2019-07-19,1446.69,1452.98,1420.23,1425.01,186511
2019-07-22,1427.54,1430.02,1422.28,1424.67,128240
2019-07-23,1425.33,1430.19,1414.27,1417.45,146150
2019-07-24,1418.0,1429.52,1416.35,1425.15,123558
2019-07-25,1426.27,1433.83,1411.05,1414.25,145970
2019-07-26,1414.97,1424.84,1413.53,1418.27,117290
2019-07-29,1418.55,1428.14,1414.81,1426.72,89930
2019-07-30,1426.61,1433.26,1422.32,1430.66,116953
2019-07-31,1431.09,1434.21,1410.56,1411.66,145626
2019-08-01,1413.35,1446.08,1400.56,1444.54,210798
2019-08-02,1445.22,1449.11,1430.32,1440.76,237734
2019-08-05,1440.75,1469.77,1436.8,1463.94,232584
2019-08-06,1468.64,1474.93,1456.45,1474.17,189956
2019-08-07,1474.43,1510.41,1472.22,1501.52,226655
2019-08-08,1500.25,1509.55,1490.07,1500.8,170601
2019-08-09,1504.08,1509.19,1494.81,1496.98,148735
2019-08-12,1497.63,1519.87,1487.41,1511.6,136876
2019-08-13,1510.79,1535.04,1480.1,1501.29,178779
2019-08-14,1501.74,1524.06,1494.2,1516.26,198372
2019-08-15,1515.94,1527.01,1507.92,1523.35,212454
2019-08-16,1523.05,1528.05,1503.77,1512.31,147607
2019-08-19,1512.22,1512.97,1493.28,1495.75,129085
2019-08-20,1496.0,1508.56,1492.88,1507.39,111837
2019-08-21,1507.7,1508.08,1496.57,1502.52,103213
2019-08-22,1502.38,1504.58,1492.53,1498.15,98111
2019-08-23,1498.41,1530.24,1493.58,1526.8,171102
2019-08-26,1535.09,1555.03,1525.08,1527.37,194112
2019-08-27,1527.26,1544.68,1525.71,1542.62,131601
2019-08-28,1542.08,1546.89,1531.89,1541.16,139996
2019-08-29,1539.21,1550.41,1519.8,1527.31,165810
2019-08-30,1527.83,1533.15,1516.95,1520.55,147124
2019-09-02,1532.86,1533.77,1519.39,1529.01,73618
2019-09-03,1529.35,1549.74,1521.66,1547.47,155473
2019-09-04,1546.91,1557.06,1533.9,1552.6,166842
2019-09-05,1552.26,1553.03,1506.36,1518.91,182427
2019-09-06,1517.19,1527.92,1502.59,1505.84,206139
2019-09-09,1507.41,1515.5,1497.64,1498.92,151008
2019-09-10,1498.85,1501.0,1484.52,1486.14,185990
2019-09-11,1485.91,1498.28,1485.17,1496.66,165067
2019-09-12,1497.1,1524.2,1489.28,1499.03,204232
2019-09-13,1498.7,1509.05,1485.82,1488.35,162519
2019-09-16,1505.34,1512.17,1495.93,1498.45,205174
2019-09-17,1498.92,1507.12,1493.46,1501.37,167751
2019-09-18,1501.32,1511.56,1483.45,1493.67,145771
2019-09-19,1493.99,1504.53,1489.01,1498.64,176138
2019-09-20,1499.13,1517.07,1497.97,1516.49,145902
2019-09-23,1513.73,1526.84,1510.63,1522.12,176968
2019-09-24,1522.38,1535.7,1515.64,1531.45,191813
2019-09-25,1532.07,1535.15,1500.4,1503.67,192339
2019-09-26,1503.87,1512.35,1500.29,1504.44,181301
2019-09-27,1504.67,1507.44,1486.84,1496.86,201063
2019-09-30,1494.81,1500.55,1464.53,1472.55,189606
2019-10-01,1471.89,1487.28,1459.1,1479.25,218969
2019-10-02,1478.83,1505.12,1474.54,1499.85,209034
2019-10-03,1499.22,1519.64,1495.81,1504.8,206238
2019-10-04,1505.53,1514.7,1495.81,1504.64,172320
2019-10-07,1512.65,1512.65,1488.06,1493.38,149418
2019-10-08,1493.35,1509.74,1486.89,1505.61,223796
2019-10-09,1505.18,1512.18,1499.92,1505.6,165257
2019-10-10,1505.36,1517.07,1491.14,1493.39,213684
2019-10-11,1493.75,1503.2,1474.05,1488.59,207649
2019-10-14,1487.38,1497.16,1482.85,1493.07,141453
2019-10-15,1493.51,1498.43,1477.24,1481.15,155707
2019-10-16,1481.04,1491.61,1477.08,1489.63,190652
2019-10-17,1490.29,1497.36,1483.48,1491.84,173204
2019-10-18,1491.81,1494.11,1484.93,1490.17,136762
2019-10-21,1491.63,1495.23,1481.54,1484.17,124619
2019-10-22,1484.18,1488.99,1480.88,1487.69,128365
2019-10-23,1487.83,1496.31,1487.64,1491.85,131475
2019-10-24,1491.94,1504.04,1488.02,1503.24,132138
2019-10-25,1503.53,1517.98,1500.64,1504.39,144236
2019-10-28,1504.46,1508.24,1490.05,1492.68,122498
2019-10-29,1491.83,1494.81,1483.66,1487.91,129575
2019-10-30,1488.0,1496.64,1481.19,1495.88,151386
2019-10-31,1496.23,1514.23,1493.8,1512.48,176009
2019-11-01,1512.62,1516.17,1503.28,1513.82,130402
2019-11-04,1514.17,1514.84,1504.46,1509.62,110735
2019-11-05,1509.48,1509.69,1479.4,1483.52,142405
2019-11-06,1483.36,1494.21,1482.46,1490.41,143986
2019-11-07,1490.43,1492.2,1460.62,1468.62,173048
2019-11-08,1467.86,1472.99,1456.25,1459.06,175953
2019-11-11,1459.37,1466.47,1448.21,1456.01,107915
2019-11-12,1454.93,1460.43,1445.62,1456.43,167277
2019-11-13,1455.91,1467.13,1455.82,1463.24,159473
2019-11-14,1463.46,1474.67,1461.15,1470.88,153351
2019-11-15,1471.12,1471.39,1462.46,1467.67,119400
2019-11-18,1467.11,1473.99,1456.42,1470.99,134001
2019-11-19,1471.37,1475.36,1464.84,1472.46,134996
2019-11-20,1472.29,1478.89,1465.94,1471.32,150865
2019-11-21,1475.02,1475.68,1462.4,1464.42,154952
2019-11-22,1464.04,1473.23,1461.39,1462.08,129641
2019-11-25,1460.79,1462.16,1454.09,1454.91,86395
2019-11-26,1455.05,1462.94,1450.08,1461.35,90296
2019-11-27,1461.77,1461.94,1452.56,1454.19,73621
2019-11-28,1454.52,1458.28,1454.26,1455.99,43945
2019-11-29,1455.59,1466.56,1453.08,1463.97,82067
2019-12-02,1464.19,1465.08,1453.99,1462.42,114497
2019-12-03,1462.49,1481.76,1459.86,1477.33,134705
2019-12-04,1477.45,1484.09,1471.48,1474.44,126690
2019-12-05,1474.64,1480.35,1472.91,1475.8,112615
2019-12-06,1475.84,1479.53,1458.73,1459.77,97238
2019-12-09,1459.59,1465.41,1458.76,1461.88,70045
2019-12-10,1461.71,1469.18,1460.11,1464.46,95349
2019-12-11,1464.07,1478.91,1462.75,1474.86,104056
2019-12-12,1474.67,1486.74,1463.95,1469.79,125672
2019-12-13,1468.59,1478.08,1461.97,1475.32,160564
2019-12-16,1475.78,1479.89,1473.17,1476.1,76155
2019-12-17,1476.08,1480.56,1474.24,1476.13,73972
2019-12-18,1476.22,1479.32,1470.49,1475.5,82187
2019-12-19,1474.85,1481.69,1473.28,1478.75,84304
2019-12-20,1478.88,1480.97,1475.88,1478.1,73317
2019-12-23,1478.25,1486.15,1477.54,1485.52,72654
2019-12-24,1485.37,1500.52,1484.4,1499.55,63998
2019-12-26,1499.2,1512.61,1497.4,1510.81,95880
2019-12-27,1511.04,1515.33,1507.36,1510.86,102281
2019-12-30,1511.44,1516.12,1510.8,1515.01,85395
2019-12-31,1514.83,1525.32,1514.76,1520.3,88561
2020-01-02,1517.97,1531.39,1517.23,1528.81,117851
2020-01-03,1528.55,1553.57,1527.98,1551.64,176596
2020-01-06,1558.55,1588.0,1558.55,1565.78,179576
2020-01-07,1564.34,1577.33,1555.34,1573.41,159834
2020-01-08,1574.22,1611.39,1552.26,1555.94,251360
2020-01-09,1556.23,1561.34,1540.27,1552.18,149197
2020-01-10,1552.6,1563.18,1545.75,1562.3,120234
2020-01-13,1559.33,1561.49,1546.58,1547.96,97553
2020-01-14,1548.46,1548.89,1535.95,1546.23,128466
2020-01-15,1546.48,1558.19,1546.4,1556.3,115911
2020-01-16,1555.72,1558.11,1548.04,1552.42,93331
2020-01-17,1552.22,1561.28,1549.42,1557.12,90747
2020-01-20,1557.23,1562.76,1556.37,1560.7,43676
2020-01-21,1560.88,1568.63,1546.38,1558.17,124213
2020-01-22,1558.8,1559.28,1550.2,1558.79,89702
2020-01-23,1558.79,1567.97,1551.94,1562.79,124750
2020-01-24,1562.49,1575.83,1556.56,1571.43,115510
2020-01-27,1581.21,1588.51,1575.9,1581.86,161267
2020-01-28,1581.58,1583.07,1565.57,1567.88,126826
2020-01-29,1566.89,1578.04,1563.4,1576.76,111628
2020-01-30,1576.86,1585.99,1572.3,1573.89,163993
2020-01-31,1574.18,1590.44,1570.98,1589.17,161457
2020-02-03,1593.12,1593.63,1569.7,1576.67,156669
2020-02-04,1576.76,1579.68,1549.08,1552.7,132568
2020-02-05,1552.59,1562.42,1547.51,1556.61,153561
2020-02-06,1555.94,1568.28,1552.54,1566.61,128650
2020-02-07,1566.63,1574.05,1561.17,1570.25,138887
2020-02-10,1572.04,1577.03,1568.0,1572.06,127691
2020-02-11,1572.12,1574.05,1562.16,1567.79,105892
2020-02-12,1567.69,1570.48,1561.81,1565.8,97142
2020-02-13,1565.95,1578.28,1565.59,1575.94,138706
2020-02-14,1575.91,1584.99,1573.08,1583.98,106350
2020-02-17,1581.52,1583.79,1578.9,1581.15,44813
2020-02-18,1580.32,1605.13,1580.32,1601.41,127001
2020-02-19,1601.44,1612.95,1599.53,1611.6,124863
2020-02-20,1611.64,1623.75,1603.92,1619.25,186464
2020-02-21,1619.56,1649.27,1618.98,1643.32,200536
2020-02-24,1653.32,1689.35,1650.9,1658.63,274083
2020-02-25,1659.19,1663.9,1625.17,1635.19,304180
2020-02-26,1634.58,1655.02,1624.89,1640.6,262063
2020-02-27,1640.69,1660.37,1635.27,1643.92,283675
2020-02-28,1644.49,1649.5,1562.89,1585.67,300076
2020-03-02,1591.59,1611.04,1575.41,1589.58,307233
2020-03-03,1589.51,1649.28,1584.83,1640.88,240303
2020-03-04,1639.88,1652.6,1631.89,1636.49,206097
2020-03-05,1636.77,1674.62,1634.97,1672.48,218222
2020-03-06,1671.97,1692.16,1642.41,1674.25,294028
2020-03-09,1691.8,1703.29,1657.35,1678.95,227220
2020-03-10,1680.13,1680.35,1641.77,1649.18,257509
2020-03-11,1649.26,1671.25,1633.02,1635.91,205315
2020-03-12,1634.1,1650.37,1560.76,1578.14,233939
2020-03-13,1576.51,1597.96,1504.52,1528.79,228985
2020-03-16,1563.8,1575.33,1451.22,1510.21,262326
2020-03-17,1514.08,1554.02,1465.49,1528.56,241333
2020-03-18,1527.41,1546.3,1472.88,1485.28,217946
2020-03-19,1486.42,1500.74,1464.08,1472.22,198564
2020-03-20,1471.85,1515.97,1454.94,1496.77,185873
2020-03-23,1502.5,1561.19,1482.35,1552.59,212532
2020-03-24,1553.68,1632.64,1552.45,1626.73,95895
2020-03-25,1628.64,1639.34,1592.62,1616.7,72740
2020-03-26,1616.7,1644.02,1500.59,1628.98,69332
2020-03-27,1631.14,1635.27,1613.78,1621.61,76913
2020-03-30,1628.16,1632.98,1610.4,1620.27,72790
2020-03-31,1622.32,1623.41,1574.32,1576.22,93992
2020-04-01,1575.06,1600.39,1567.84,1591.02,95117
2020-04-02,1589.06,1619.82,1582.84,1611.64,111159
2020-04-03,1613.24,1625.3,1605.87,1615.72,89711
2020-04-06,1615.04,1668.62,1608.77,1657.68,95795
2020-04-07,1660.98,1674.02,1642.29,1648.12,98667
2020-04-08,1647.69,1656.48,1640.45,1645.81,77773
2020-04-09,1644.86,1690.27,1642.83,1683.04,115624
2020-04-13,1685.54,1722.59,1671.74,1713.29,97231
2020-04-14,1714.22,1747.81,1708.69,1726.96,141612
2020-04-15,1726.48,1731.2,1707.52,1716.59,120721
2020-04-16,1716.3,1738.76,1707.65,1718.77,136645
2020-04-17,1719.4,1719.4,1679.49,1681.46,142664
2020-04-20,1678.93,1702.47,1671.49,1694.77,134563
2020-04-21,1694.7,1697.82,1659.45,1683.43,131108
2020-04-22,1687.59,1718.63,1680.28,1714.65,147216
2020-04-23,1713.66,1738.68,1706.93,1730.39,150365
2020-04-24,1730.24,1736.29,1710.35,1726.58,130637
2020-04-27,1726.08,1727.27,1706.07,1715.13,140781
2020-04-28,1713.73,1716.53,1691.74,1708.52,162296
2020-04-29,1707.89,1717.3,1697.85,1712.81,138073
2020-04-30,1712.62,1721.76,1681.41,1687.0,147185
2020-05-01,1686.77,1705.47,1670.32,1699.2,200922
2020-05-04,1697.67,1713.49,1691.6,1701.44,105465
2020-05-05,1700.82,1711.67,1689.92,1705.55,104363
2020-05-06,1705.44,1708.14,1682.05,1685.52,105094
2020-05-07,1685.19,1722.01,1681.47,1716.19,115361
2020-05-08,1715.98,1723.35,1701.0,1701.5,121511
2020-05-11,1701.09,1712.15,1691.99,1697.49,117357
2020-05-12,1697.53,1711.01,1693.75,1701.95,121444
2020-05-13,1701.98,1718.02,1699.09,1715.87,149596
2020-05-14,1716.02,1736.47,1710.87,1730.12,129664
2020-05-15,1729.35,1751.63,1728.51,1742.73,145756
2020-05-18,1744.29,1765.31,1727.38,1732.25,149754
2020-05-19,1732.91,1747.86,1725.74,1744.61,146201
2020-05-20,1744.64,1753.87,1742.42,1747.78,138564
2020-05-21,1748.16,1748.81,1717.12,1727.03,139819
2020-05-22,1725.7,1740.17,1724.36,1735.41,109585
2020-05-25,1731.74,1734.85,1721.39,1727.65,55368
2020-05-26,1727.16,1735.5,1708.7,1709.68,116005
2020-05-27,1710.65,1716.02,1693.7,1709.22,116481
2020-05-28,1710.46,1727.52,1704.36,1718.86,120543
2020-05-29,1718.05,1737.72,1712.67,1729.81,113716
2020-06-01,1735.05,1744.6,1727.15,1739.79,116644
2020-06-02,1739.44,1745.17,1721.33,1727.44,113388
2020-06-03,1726.05,1731.8,1689.42,1698.46,143797
2020-06-04,1698.99,1721.86,1696.71,1713.35,129435
2020-06-05,1712.71,1716.24,1670.72,1684.27,150064
2020-06-08,1682.73,1700.68,1677.37,1698.2,130460
2020-06-09,1697.99,1720.85,1692.26,1714.27,146647
2020-06-10,1714.65,1739.76,1707.89,1738.19,136194
2020-06-11,1738.57,1744.67,1721.57,1726.96,154840
2020-06-12,1727.18,1743.04,1722.23,1729.83,138933
2020-06-15,1726.8,1734.49,1704.22,1724.7,153968
2020-06-16,1724.79,1732.81,1716.77,1727.44,148123
2020-06-17,1726.37,1730.32,1712.65,1726.54,114071
2020-06-18,1726.69,1737.5,1717.54,1722.12,121495
2020-06-19,1722.67,1745.19,1720.97,1743.08,114727
2020-06-22,1753.02,1763.07,1742.78,1754.7,141857
2020-06-23,1753.74,1770.99,1747.37,1766.97,133511
2020-06-24,1767.63,1779.22,1760.62,1761.4,149428
2020-06-25,1760.31,1768.86,1753.34,1764.05,127603
2020-06-26,1763.29,1771.84,1747.43,1770.38,123643
2020-06-29,1775.42,1775.42,1765.57,1772.94,111362
2020-06-30,1772.32,1786.12,1764.67,1780.44,100995
2020-07-01,1780.44,1789.08,1759.07,1770.12,125608
2020-07-02,1769.86,1779.5,1757.44,1775.32,102340
2020-07-03,1774.25,1777.11,1772.58,1773.64,40750
2020-07-06,1773.42,1786.99,1770.0,1784.2,92315
2020-07-07,1784.37,1797.37,1773.52,1794.74,102938
2020-07-08,1795.32,1817.97,1791.48,1808.61,103136
2020-07-09,1808.87,1815.95,1795.48,1802.86,113513
2020-07-10,1803.27,1810.56,1794.07,1798.51,97254
2020-07-13,1795.97,1813.31,1795.97,1802.49,111207
2020-07-14,1802.08,1810.86,1790.6,1809.31,121904
2020-07-15,1809.19,1815.06,1802.46,1810.25,97112
2020-07-16,1810.23,1813.26,1794.92,1796.49,92377
2020-07-17,1796.86,1811.99,1795.82,1809.38,78142
2020-07-20,1808.99,1820.57,1805.71,1817.24,100165
2020-07-21,1817.42,1843.48,1815.84,1841.49,121248
2020-07-22,1841.68,1872.0,1839.61,1871.91,183459
2020-07-23,1871.52,1898.38,1863.71,1887.01,194045
2020-07-24,1887.21,1906.54,1881.37,1901.48,146134
2020-07-27,1901.38,1945.64,1899.57,1941.54,208163
2020-07-28,1941.3,1981.14,1906.62,1960.85,221075
2020-07-29,1958.86,1980.91,1941.45,1970.38,150216
2020-07-30,1970.27,1971.58,1939.52,1957.0,165915
2020-07-31,1956.12,1983.07,1954.75,1975.24,174507
2020-08-03,1978.48,1987.68,1960.49,1976.76,136452
2020-08-04,1976.35,2019.95,1967.41,2018.53,141576
2020-08-05,2019.23,2055.58,2009.51,2038.14,189408
2020-08-06,2037.56,2069.67,2034.52,2063.14,170393
2020-08-07,2062.54,2075.24,2015.49,2035.12,208787
2020-08-10,2033.77,2049.91,2018.99,2027.82,157675
2020-08-11,2027.37,2030.01,1901.32,1911.83,241007
2020-08-12,1911.17,1949.3,1862.6,1916.36,234768
2020-08-13,1916.43,1966.3,1912.81,1953.24,194380
2020-08-14,1953.39,1962.19,1932.17,1943.98,166398
2020-08-17,1946.27,1990.69,1929.39,1984.25,160205
2020-08-18,1985.0,2015.7,1976.01,2001.8,179025
2020-08-19,2001.7,2006.45,1924.69,1928.4,206427
2020-08-20,1928.92,1955.23,1924.77,1945.62,201180
2020-08-21,1946.7,1955.88,1911.47,1940.27,178031
2020-08-24,1940.19,1961.77,1923.71,1928.72,152305
2020-08-25,1928.62,1937.51,1914.27,1928.09,150520
2020-08-26,1927.78,1954.84,1902.78,1953.47,153453
2020-08-27,1953.93,1976.71,1909.93,1929.03,177902
2020-08-28,1929.19,1973.83,1923.14,1963.99,170234
2020-08-31,1965.47,1976.64,1954.24,1967.63,144630
2020-09-01,1967.06,1992.41,1963.12,1970.88,159813
2020-09-02,1970.24,1973.25,1932.6,1943.51,162657
2020-09-03,1942.91,1951.03,1921.71,1930.7,165919
2020-09-04,1930.05,1947.67,1916.36,1933.06,162869
2020-09-07,1929.84,1941.32,1924.3,1928.21,76998
2020-09-08,1928.2,1940.89,1906.41,1931.4,155819
2020-09-09,1931.47,1950.86,1920.04,1946.97,121177
2020-09-10,1946.57,1966.6,1941.39,1946.11,142465
2020-09-11,1945.88,1954.76,1937.19,1940.2,127184
2020-09-14,1940.43,1962.75,1936.52,1956.46,106713
2020-09-15,1956.74,1972.17,1948.36,1953.66,120774
2020-09-16,1952.82,1973.58,1949.85,1959.86,136892
2020-09-17,1958.94,1960.95,1932.84,1944.29,150236
2020-09-18,1944.09,1960.06,1943.64,1950.04,116783
2020-09-21,1949.45,1955.58,1882.19,1912.4,173324
2020-09-22,1912.36,1920.03,1894.57,1900.39,169771
2020-09-23,1900.03,1905.31,1855.78,1863.4,199325
2020-09-24,1863.22,1877.08,1848.73,1868.41,195993
2020-09-25,1868.06,1875.17,1852.41,1860.28,160624
2020-09-28,1857.97,1883.05,1848.41,1881.78,146785
2020-09-29,1880.94,1899.16,1875.44,1897.02,136724
2020-09-30,1898.0,1902.26,1881.36,1885.55,152269
2020-10-01,1885.26,1911.97,1884.69,1904.96,155252
2020-10-02,1905.15,1917.07,1889.76,1899.24,137276
2020-10-05,1904.97,1918.81,1887.01,1913.35,113052
2020-10-06,1912.67,1921.02,1874.61,1875.0,129721
2020-10-07,1878.44,1898.05,1872.86,1887.93,145973
2020-10-08,1886.93,1900.68,1881.92,1893.53,130497
2020-10-09,1893.54,1930.44,1893.54,1930.16,142558
2020-10-12,1928.75,1933.19,1918.35,1922.48,149574
2020-10-13,1922.7,1925.44,1886.51,1891.28,175638
2020-10-14,1891.69,1912.94,1882.5,1900.9,156894
2020-10-15,1901.65,1908.95,1889.6,1908.02,171397
2020-10-16,1908.39,1913.94,1897.8,1898.62,140832
2020-10-19,1899.67,1918.48,1897.0,1903.79,148743
2020-10-20,1903.35,1914.1,1894.6,1907.45,138592
2020-10-21,1907.72,1931.38,1907.72,1924.42,142691
2020-10-22,1923.87,1926.0,1894.62,1903.83,135278
2020-10-23,1903.84,1914.2,1894.28,1901.67,105805
2020-10-26,1902.64,1908.62,1891.24,1902.2,127341
2020-10-27,1901.77,1911.36,1897.81,1907.58,102085
2020-10-28,1907.9,1910.88,1869.25,1877.37,148981
2020-10-29,1876.72,1884.97,1859.94,1867.73,149156
2020-10-30,1867.13,1889.81,1864.38,1878.38,157406
2020-11-02,1877.02,1896.04,1873.44,1895.68,136726
2020-11-03,1895.29,1910.57,1886.95,1909.57,115162
2020-11-04,1908.85,1916.43,1883.03,1903.0,198051
2020-11-05,1903.05,1952.76,1902.2,1949.46,171281
2020-11-06,1948.39,1960.36,1935.61,1951.23,155790
2020-11-09,1954.98,1965.51,1850.53,1862.13,208448
2020-11-10,1863.71,1890.39,1860.31,1877.24,172466
2020-11-11,1876.93,1884.47,1856.45,1865.25,127586
2020-11-12,1865.52,1883.87,1862.69,1876.85,130016
2020-11-13,1877.01,1896.82,1874.03,1889.44,112802
2020-11-16,1888.53,1899.06,1864.5,1888.83,141446
2020-11-17,1888.97,1893.44,1876.85,1880.21,117710
2020-11-18,1880.45,1884.84,1863.76,1872.31,113706
2020-11-19,1872.6,1874.08,1852.72,1866.02,112659
2020-11-20,1865.55,1879.73,1860.86,1870.91,91539
2020-11-23,1868.92,1876.12,1830.97,1837.83,113942
2020-11-24,1838.52,1839.0,1800.21,1807.37,153175
2020-11-25,1807.98,1817.73,1801.62,1807.74,103059
2020-11-26,1808.31,1818.24,1805.78,1810.26,60395
2020-11-27,1811.31,1813.83,1774.33,1786.71,100101
2020-11-30,1789.41,1789.89,1764.23,1776.72,135859
2020-12-01,1777.9,1817.3,1775.74,1815.04,109817
2020-12-02,1813.52,1832.41,1807.46,1830.51,104747
2020-12-03,1830.51,1843.95,1823.76,1840.92,109062
2020-12-04,1841.15,1848.23,1829.16,1838.84,90481
2020-12-07,1837.42,1868.54,1822.07,1862.19,105126
2020-12-08,1862.7,1875.29,1860.23,1870.24,101252
2020-12-09,1869.92,1870.52,1825.41,1839.87,146956
2020-12-10,1838.7,1850.01,1828.65,1836.64,141811
2020-12-11,1836.55,1847.71,1824.01,1839.55,126752
2020-12-14,1836.17,1839.03,1819.51,1827.0,116790
2020-12-15,1827.24,1855.39,1825.5,1853.27,121215
2020-12-16,1853.23,1865.76,1844.74,1864.55,147356
2020-12-17,1862.87,1896.21,1862.0,1885.42,144777
2020-12-18,1884.55,1889.65,1877.42,1880.89,122008
2020-12-21,1882.89,1906.74,1855.04,1876.48,191934
2020-12-22,1878.14,1884.28,1858.93,1859.92,159836
2020-12-23,1860.32,1878.51,1857.02,1873.15,140793
2020-12-24,1873.59,1883.15,1869.53,1879.51,82563
2020-12-28,1882.99,1900.24,1869.17,1873.46,127216
2020-12-29,1872.24,1886.38,1871.52,1878.27,103883
2020-12-30,1877.98,1894.51,1876.07,1894.47,95819
2020-12-31,1893.68,1900.41,1885.3,1893.7,95624
2021-01-04,1908.61,1944.44,1907.2,1942.85,160942
2021-01-05,1941.8,1953.03,1934.33,1950.0,145506
2021-01-06,1950.44,1959.35,1900.8,1918.8,201654
2021-01-07,1919.94,1927.67,1906.82,1913.57,152077
2021-01-08,1915.21,1917.51,1828.2,1849.02,218797
2021-01-11,1851.61,1856.58,1816.86,1843.37,180538
2021-01-12,1845.06,1863.8,1836.63,1854.61,155350
2021-01-13,1854.98,1863.04,1841.87,1844.95,127925
2021-01-14,1846.8,1857.53,1829.45,1846.07,157000
2021-01-15,1847.22,1857.02,1823.27,1827.42,170064
2021-01-18,1828.66,1840.79,1803.58,1837.58,112601
2021-01-19,1838.88,1845.5,1832.99,1840.02,134537
2021-01-20,1840.18,1871.73,1832.45,1871.4,151351
2021-01-21,1871.7,1875.13,1858.34,1869.61,148073
2021-01-22,1870.14,1870.82,1837.31,1856.11,162679
2021-01-25,1856.38,1867.88,1847.12,1855.93,167249
2021-01-26,1855.33,1861.71,1848.38,1850.67,129677
2021-01-27,1850.72,1853.13,1831.37,1844.1,159961
2021-01-28,1844.48,1864.05,1834.01,1842.54,197089
2021-01-29,1843.2,1875.66,1839.58,1848.69,226668
2021-02-01,1859.64,1871.82,1849.13,1860.58,254532
2021-02-02,1859.87,1864.08,1829.54,1837.97,202224
2021-02-03,1837.59,1844.98,1829.75,1834.08,146942
2021-02-04,1834.03,1834.74,1785.03,1793.95,181539
2021-02-05,1795.94,1815.17,1792.01,1813.68,147735
2021-02-08,1815.62,1839.13,1807.75,1830.53,151125
2021-02-09,1830.4,1848.59,1828.86,1838.44,142624
2021-02-10,1838.61,1855.39,1834.06,1843.27,148935
2021-02-11,1843.04,1847.55,1821.18,1825.54,127173
2021-02-12,1826.24,1830.7,1810.53,1824.5,134636
2021-02-15,1825.87,1827.02,1816.06,1818.81,80495
2021-02-16,1818.32,1826.45,1789.45,1794.36,179703
2021-02-17,1793.88,1795.16,1769.54,1776.16,198615
2021-02-18,1776.07,1789.66,1768.39,1775.73,194148
2021-02-19,1776.96,1791.63,1760.64,1783.36,201788
2021-02-22,1784.18,1812.66,1780.66,1809.69,208741
2021-02-23,1810.4,1815.99,1795.59,1805.53,188679
2021-02-24,1806.15,1813.85,1783.62,1804.8,207745
2021-02-25,1803.98,1804.3,1765.48,1769.94,279834
2021-02-26,1770.49,1775.78,1717.22,1734.28,298034
2021-03-01,1735.92,1759.83,1719.71,1724.6,223671
2021-03-02,1723.74,1739.14,1707.21,1738.14,212292
2021-03-03,1738.31,1740.55,1701.93,1710.78,204098
2021-03-04,1711.9,1723.23,1690.59,1697.78,248033
2021-03-05,1697.93,1707.71,1687.28,1700.35,229664
2021-03-08,1705.95,1714.3,1676.81,1683.33,231529
2021-03-09,1683.68,1720.66,1680.11,1715.73,198642
2021-03-10,1715.55,1726.78,1708.19,1726.64,181242
2021-03-11,1726.38,1739.86,1719.26,1722.59,173606
2021-03-12,1722.03,1729.26,1699.22,1728.03,186734
2021-03-15,1729.75,1734.57,1721.68,1731.74,155397
2021-03-16,1731.75,1741.22,1726.15,1731.57,149880
2021-03-17,1731.93,1751.63,1724.02,1745.18,164481
2021-03-18,1747.91,1755.51,1719.23,1736.44,201043
2021-03-19,1735.16,1746.72,1728.4,1745.36,167249
2021-03-22,1743.95,1744.41,1727.35,1738.9,156474
2021-03-23,1739.58,1742.56,1724.69,1726.96,154220
2021-03-24,1727.11,1738.52,1724.01,1734.14,136086
2021-03-25,1734.42,1745.5,1721.77,1726.53,159520
2021-03-26,1727.37,1736.75,1721.55,1732.47,131048
2021-03-29,1732.55,1732.89,1705.75,1711.92,132439
2021-03-30,1712.67,1714.43,1678.77,1684.85,166409
2021-03-31,1684.9,1715.31,1677.89,1707.39,155437
2021-04-01,1707.04,1730.5,1705.76,1729.77,141929
2021-04-05,1727.63,1733.56,1721.31,1728.27,103916
2021-04-06,1728.26,1745.5,1727.17,1743.36,127347
2021-04-07,1742.81,1744.34,1730.62,1737.61,121027
2021-04-08,1738.24,1758.7,1733.15,1755.48,121164
2021-04-09,1755.54,1757.35,1731.23,1743.86,128090
2021-04-12,1743.59,1745.08,1727.39,1732.81,122443
2021-04-13,1733.06,1748.95,1723.73,1745.39,135841
2021-04-14,1746.05,1749.38,1732.61,1736.34,120945
2021-04-15,1736.58,1769.68,1734.35,1763.63,129558
2021-04-16,1763.73,1783.87,1759.81,1776.93,132650
2021-04-19,1776.91,1790.06,1766.75,1771.38,117575
2021-04-20,1771.06,1780.47,1763.65,1778.75,101234
2021-04-21,1778.07,1797.68,1776.24,1793.69,87075
2021-04-22,1794.08,1797.85,1777.41,1784.1,92216
2021-04-23,1783.85,1796.03,1769.99,1776.56,87413
2021-04-26,1775.4,1783.54,1768.72,1781.33,83988
2021-04-27,1781.19,1785.56,1773.72,1776.57,81084
2021-04-28,1776.69,1782.59,1762.6,1781.73,91321
2021-04-29,1781.56,1789.97,1756.09,1771.96,87474
2021-04-30,1772.42,1773.63,1764.25,1768.88,84400
2021-05-03,1766.81,1797.92,1766.04,1793.0,77546
2021-05-04,1792.2,1799.11,1770.89,1778.71,92988
2021-05-05,1778.19,1788.0,1770.36,1786.91,73929
2021-05-06,1787.09,1818.11,1781.98,1814.91,90276
2021-05-07,1814.64,1843.29,1812.84,1831.38,98897
2021-05-10,1833.15,1845.54,1830.02,1835.7,99070
2021-05-11,1836.02,1841.86,1818.12,1837.42,107409
2021-05-12,1836.96,1843.71,1813.25,1815.42,115170
2021-05-13,1815.35,1828.77,1808.75,1826.46,106054
2021-05-14,1826.41,1845.74,1819.74,1843.34,88166
2021-05-17,1842.58,1868.48,1842.1,1866.8,90265
2021-05-18,1866.19,1875.02,1863.26,1869.52,85802
2021-05-19,1869.02,1890.04,1852.23,1869.35,113883
2021-05-20,1870.38,1883.84,1863.83,1877.05,100304
2021-05-21,1877.23,1889.45,1870.09,1881.34,93848
2021-05-24,1881.34,1887.03,1875.25,1880.83,81990
2021-05-25,1880.91,1900.28,1872.74,1899.15,88603
2021-05-26,1898.61,1912.75,1890.69,1896.64,93989
2021-05-27,1896.47,1903.65,1888.29,1896.54,90818
2021-05-28,1896.96,1905.91,1882.23,1903.83,91437
2021-05-31,1903.55,1910.64,1902.07,1906.64,53014
2021-06-01,1907.39,1916.6,1892.38,1900.37,89221
2021-06-02,1900.14,1909.02,1894.4,1908.29,77610
2021-06-03,1908.25,1909.61,1865.36,1870.5,92910
2021-06-04,1871.47,1896.21,1855.86,1891.5,85614
2021-06-07,1890.52,1900.13,1881.56,1899.0,74039
2021-06-08,1899.28,1903.64,1883.77,1892.86,72911
2021-06-09,1892.05,1898.92,1887.35,1888.6,70475
2021-06-10,1888.87,1899.88,1869.87,1898.44,81122
2021-06-11,1898.09,1903.04,1874.51,1876.19,83039
2021-06-14,1876.6,1877.66,1844.76,1866.09,83650
2021-06-15,1866.32,1869.16,1851.65,1858.75,74318
2021-06-16,1859.33,1863.03,1803.47,1811.95,84024
2021-06-17,1812.73,1825.3,1767.19,1773.15,131843
2021-06-18,1774.99,1797.13,1760.87,1764.2,117287
2021-06-21,1768.08,1786.54,1766.42,1782.97,109899
2021-06-22,1783.77,1790.1,1772.44,1778.76,92607
2021-06-23,1779.47,1794.94,1773.32,1778.86,84511
2021-06-24,1778.63,1788.06,1772.9,1774.95,81725
2021-06-25,1776.32,1790.43,1773.7,1781.26,75323
2021-06-28,1781.86,1785.84,1770.64,1778.08,81289
2021-06-29,1778.51,1778.92,1750.67,1761.12,82178
2021-06-30,1762.04,1774.37,1753.38,1770.37,79915
2021-07-01,1770.04,1782.85,1765.73,1776.73,78970
2021-07-02,1776.88,1795.08,1774.29,1787.47,74666
2021-07-05,1787.49,1794.44,1784.48,1791.76,39549
2021-07-06,1791.54,1815.0,1790.1,1797.13,86098
2021-07-07,1796.16,1809.84,1793.86,1803.66,90875
2021-07-08,1803.69,1818.34,1794.68,1802.36,109737
2021-07-09,1802.87,1812.37,1796.67,1808.28,84817
2021-07-12,1807.69,1810.82,1791.68,1806.12,80805
2021-07-13,1806.3,1817.05,1798.68,1807.6,80624
2021-07-14,1808.06,1829.75,1804.56,1827.42,90082
2021-07-15,1827.29,1834.14,1820.29,1829.5,95907
2021-07-16,1829.69,1832.06,1808.43,1811.55,83823
2021-07-19,1811.64,1817.28,1795.0,1812.76,98316
2021-07-20,1812.88,1824.89,1805.07,1810.33,88408
2021-07-21,1810.43,1813.75,1794.68,1803.41,84101
2021-07-22,1803.65,1808.05,1792.77,1806.62,78563
2021-07-23,1806.9,1810.31,1790.11,1802.04,72748
2021-07-26,1802.25,1811.49,1796.41,1797.47,78561
2021-07-27,1798.07,1805.27,1793.68,1798.92,85623
2021-07-28,1800.04,1809.79,1792.44,1806.96,82365
2021-07-29,1807.31,1832.65,1807.12,1827.97,78210
2021-07-30,1828.52,1831.28,1810.3,1814.09,73227
2021-08-02,1813.83,1819.56,1805.8,1813.48,77393
2021-08-03,1813.11,1815.02,1807.15,1810.31,70246
2021-08-04,1810.31,1831.72,1806.43,1811.82,74094
2021-08-05,1812.05,1814.88,1797.84,1804.03,66207
2021-08-06,1804.62,1804.77,1758.68,1763.44,81640
2021-08-09,1764.43,1764.46,1679.17,1729.47,112982
2021-08-10,1729.68,1738.31,1717.74,1729.1,80620
2021-08-11,1729.43,1754.41,1724.03,1751.54,88242
2021-08-12,1751.26,1758.18,1741.64,1752.64,73574
2021-08-13,1752.99,1779.93,1751.73,1779.38,68351
2021-08-16,1779.9,1789.27,1770.82,1787.11,81143
2021-08-17,1787.16,1795.51,1780.56,1785.93,77050
2021-08-18,1785.87,1793.81,1777.39,1787.45,84209
2021-08-19,1787.79,1792.4,1774.51,1779.9,93521
2021-08-20,1780.08,1788.4,1778.34,1780.96,74953
2021-08-23,1781.15,1806.43,1776.45,1805.31,73984
2021-08-24,1804.92,1809.55,1800.69,1802.97,58245
2021-08-25,1802.51,1802.85,1782.47,1790.45,73325
2021-08-26,1791.04,1798.21,1780.08,1791.92,66790
2021-08-27,1792.31,1819.28,1785.02,1818.13,69281
2021-08-30,1817.9,1823.18,1807.79,1810.26,60992
2021-08-31,1809.86,1819.21,1801.6,1813.74,76502
2021-09-01,1814.36,1820.09,1808.7,1814.18,66601
2021-09-02,1813.64,1817.17,1804.94,1809.54,52731
2021-09-03,1809.39,1833.99,1808.98,1827.52,66750
2021-09-06,1827.98,1830.28,1821.42,1823.22,37057
2021-09-07,1823.74,1827.24,1792.37,1794.27,79795
2021-09-08,1794.88,1802.17,1782.37,1789.19,77768
2021-09-09,1789.94,1800.93,1783.78,1794.2,83762
2021-09-10,1794.04,1803.87,1787.24,1787.66,72331
2021-09-13,1788.93,1798.36,1783.7,1793.48,79621
2021-09-14,1793.24,1808.65,1780.84,1804.6,79773
2021-09-15,1804.22,1806.95,1790.76,1793.63,76437
2021-09-16,1794.12,1796.19,1745.3,1753.4,100286
2021-09-17,1753.54,1767.49,1747.36,1754.08,84192
2021-09-20,1754.18,1766.99,1742.02,1764.22,75922
2021-09-21,1764.77,1781.73,1757.89,1774.3,74356
2021-09-22,1774.92,1787.2,1764.65,1768.01,91760
2021-09-23,1768.41,1776.61,1737.93,1742.41,97984
2021-09-24,1744.48,1757.66,1740.47,1750.68,79243
2021-09-27,1748.64,1760.87,1744.88,1750.13,78138
2021-09-28,1750.63,1754.47,1728.14,1733.86,94100
2021-09-29,1734.0,1745.55,1721.65,1726.5,86381
2021-09-30,1726.52,1764.21,1722.21,1757.0,85945
2021-10-01,1756.36,1764.31,1749.78,1760.52,86242
2021-10-04,1761.06,1770.57,1747.71,1769.3,89637
2021-10-05,1769.19,1769.36,1748.61,1759.93,81505
2021-10-06,1760.16,1765.12,1745.88,1762.65,96037
2021-10-07,1762.85,1766.96,1751.94,1755.09,78377
2021-10-08,1755.93,1781.36,1753.37,1756.79,89842
2021-10-11,1757.38,1761.03,1750.17,1754.19,70217
2021-10-12,1753.72,1769.39,1750.73,1760.04,79586
2021-10-13,1760.09,1796.16,1757.87,1793.0,88549
2021-10-14,1792.99,1800.59,1786.71,1796.02,65592
2021-10-15,1795.84,1796.46,1764.83,1767.63,79509
2021-10-18,1766.83,1772.08,1760.31,1764.77,93201
2021-10-19,1764.7,1785.12,1762.84,1769.45,81319
2021-10-20,1769.41,1788.43,1766.85,1781.98,83813
2021-10-21,1781.96,1789.46,1776.5,1782.88,91945
2021-10-22,1783.34,1813.84,1782.95,1792.56,90452
2021-10-25,1792.97,1810.03,1792.23,1807.66,77430
2021-10-26,1807.37,1808.37,1782.39,1792.8,81683
2021-10-27,1793.31,1799.07,1783.51,1796.93,78975
2021-10-28,1796.45,1810.41,1792.32,1798.8,87516
2021-10-29,1799.41,1801.15,1771.97,1782.96,104889
2021-11-01,1782.92,1795.81,1779.08,1793.2,80130
2021-11-02,1793.12,1796.38,1786.41,1787.95,68520
2021-11-03,1787.71,1788.3,1758.82,1769.63,96357
2021-11-04,1770.52,1798.91,1770.5,1791.57,84898
2021-11-05,1791.05,1818.28,1784.98,1817.93,94828
2021-11-08,1816.21,1826.45,1812.44,1824.27,86413
2021-11-09,1824.75,1832.73,1819.18,1831.85,85908
2021-11-10,1831.78,1868.53,1822.35,1849.25,102429
2021-11-11,1849.34,1865.98,1842.92,1861.98,83322
2021-11-12,1861.74,1868.66,1845.25,1864.69,92366
2021-11-15,1866.1,1870.53,1856.33,1862.68,82823
2021-11-16,1862.88,1877.13,1849.7,1850.4,87715
2021-11-17,1850.3,1868.03,1849.55,1867.32,76802
2021-11-18,1866.64,1870.97,1855.14,1858.93,74160
2021-11-19,1859.03,1865.74,1843.03,1845.94,89390
2021-11-22,1842.96,1849.08,1802.28,1804.78,97011
2021-11-23,1807.67,1812.37,1781.98,1789.0,100815
2021-11-24,1789.27,1796.41,1778.54,1788.49,97171
2021-11-25,1788.16,1795.15,1785.96,1788.61,37261
2021-11-26,1790.49,1815.53,1780.36,1790.96,100327
2021-11-29,1788.94,1799.41,1781.14,1784.59,94917
2021-11-30,1785.07,1808.77,1769.88,1774.81,128174
2021-12-01,1775.08,1794.22,1772.21,1781.78,106643
2021-12-02,1781.74,1783.39,1761.87,1768.08,93312
2021-12-03,1769.78,1786.09,1766.12,1783.44,102483
2021-12-06,1782.83,1787.76,1775.73,1778.41,88088
2021-12-07,1778.92,1787.79,1772.24,1784.1,82932
2021-12-08,1784.25,1793.1,1779.61,1782.99,91058
2021-12-09,1783.04,1787.71,1772.84,1775.12,80475
2021-12-10,1776.05,1789.45,1770.13,1782.87,69327
2021-12-13,1782.43,1791.61,1781.83,1786.6,64489
2021-12-14,1785.91,1789.5,1766.48,1770.56,65077
2021-12-15,1771.45,1780.86,1751.04,1777.04,84483
2021-12-16,1777.89,1799.68,1775.58,1799.19,90176
2021-12-17,1798.69,1814.25,1795.83,1797.48,77069
2021-12-20,1799.3,1804.14,1788.35,1790.86,74338
2021-12-21,1791.46,1800.46,1784.86,1788.89,70489
2021-12-22,1789.25,1805.03,1785.88,1803.57,60842
2021-12-23,1803.76,1810.75,1798.9,1808.48,57655
2021-12-27,1807.31,1813.49,1802.99,1811.89,54239
2021-12-28,1811.45,1820.21,1805.05,1806.07,56482
2021-12-29,1806.31,1807.7,1789.42,1804.33,66848
2021-12-30,1804.19,1817.17,1796.18,1814.59,57196
2021-12-31,1814.85,1828.61,1814.3,1828.34,47734
2022-01-03,1830.09,1831.69,1798.37,1801.25,71676
2022-01-04,1802.36,1816.75,1798.61,1814.54,83779
2022-01-05,1814.12,1829.64,1808.3,1810.21,79370
2022-01-06,1810.65,1811.55,1786.45,1790.9,103887
2022-01-07,1791.24,1798.68,1782.63,1796.62,80975
2022-01-10,1795.74,1802.34,1790.35,1801.66,80372
2022-01-11,1800.69,1823.23,1800.1,1821.3,82581
2022-01-12,1821.13,1828.07,1814.72,1826.15,80600
2022-01-13,1825.88,1828.18,1812.31,1822.56,82883
2022-01-14,1821.58,1829.22,1814.69,1817.38,89758
2022-01-17,1817.82,1823.17,1813.12,1819.2,45178
2022-01-18,1818.55,1822.76,1805.79,1813.65,101990
2022-01-19,1813.93,1843.33,1810.28,1840.37,91894
2022-01-20,1839.72,1847.93,1835.97,1839.47,91643
2022-01-21,1839.08,1843.22,1828.49,1834.39,97845
2022-01-24,1832.31,1844.35,1829.67,1843.0,112131
2022-01-25,1842.85,1853.88,1834.85,1847.98,97407
2022-01-26,1847.79,1850.08,1814.98,1819.47,97286
2022-01-27,1819.5,1822.15,1791.82,1797.13,114393
2022-01-28,1797.78,1799.44,1780.31,1791.81,97325
2022-01-31,1789.56,1799.92,1785.59,1797.3,80499
2022-02-01,1798.04,1808.78,1795.76,1801.03,76643
2022-02-02,1800.58,1810.79,1794.41,1806.79,72029
2022-02-03,1806.98,1808.96,1788.7,1804.81,81890
2022-02-04,1805.29,1814.92,1792.19,1808.2,79524
2022-02-07,1808.75,1823.57,1807.9,1820.49,79563
2022-02-08,1820.78,1828.77,1815.46,1825.97,67405
2022-02-09,1825.63,1835.85,1824.69,1832.91,63032
2022-02-10,1833.07,1841.96,1821.65,1826.63,88255
2022-02-11,1826.75,1865.5,1820.98,1859.0,108345
2022-02-14,1860.13,1874.15,1850.81,1871.35,116867
2022-02-15,1871.19,1879.49,1844.56,1853.5,101869
2022-02-16,1853.78,1872.57,1850.3,1869.64,85071
2022-02-17,1869.76,1901.12,1867.85,1898.41,112755
2022-02-18,1898.69,1902.49,1886.58,1897.44,103986
2022-02-21,1905.1,1908.26,1887.66,1903.03,70734
2022-02-22,1910.3,1914.1,1891.42,1898.51,121700
2022-02-23,1898.84,1910.46,1889.67,1909.04,85071
2022-02-24,1910.37,1974.41,1878.11,1903.93,156433
2022-02-25,1905.62,1921.93,1882.97,1888.71,115257
2022-02-28,1921.05,1928.22,1890.96,1908.93,112975
2022-03-01,1907.85,1950.18,1901.42,1945.01,107040
2022-03-02,1944.96,1947.94,1913.74,1928.59,108172
2022-03-03,1929.18,1941.2,1922.06,1936.23,98187
2022-03-04,1936.92,1970.77,1929.66,1970.46,119383
2022-03-07,1978.65,2002.6,1961.01,1997.6,151395
2022-03-08,1996.15,2070.27,1981.05,2049.7,152981
2022-03-09,2049.53,2059.16,1975.78,1991.85,140211
2022-03-10,1992.26,2009.16,1970.82,1996.7,113635
2022-03-11,1996.7,1999.12,1958.71,1987.31,84743
2022-03-14,1982.16,1984.08,1949.66,1950.72,83761
2022-03-15,1952.17,1954.6,1907.09,1917.69,90413
2022-03-16,1918.94,1929.48,1895.05,1926.11,83383
2022-03-17,1926.56,1949.81,1923.19,1942.49,73946
2022-03-18,1942.18,1945.27,1917.83,1919.98,67194
2022-03-21,1922.07,1941.19,1917.98,1935.89,67565
2022-03-22,1935.82,1938.4,1910.73,1921.36,73126
2022-03-23,1921.45,1948.35,1915.5,1944.2,66350
2022-03-24,1943.94,1966.12,1937.4,1957.59,73801
2022-03-25,1958.33,1964.26,1943.1,1957.78,86978
2022-03-28,1957.78,1958.37,1917.01,1922.67,101430
2022-03-29,1922.15,1929.33,1890.1,1919.44,104093
2022-03-30,1920.11,1938.51,1915.96,1932.64,86027
2022-03-31,1933.26,1949.78,1919.2,1937.12,90079
2022-04-01,1937.27,1939.52,1918.07,1924.35,84928
2022-04-04,1925.57,1936.9,1915.55,1932.73,75003
2022-04-05,1932.68,1944.59,1918.02,1923.43,86530
2022-04-06,1922.91,1933.4,1915.1,1925.26,105367
2022-04-07,1924.45,1937.76,1920.55,1931.45,89570
2022-04-08,1931.78,1948.21,1927.71,1946.12,77105
2022-04-11,1946.97,1969.74,1939.97,1953.63,94682
2022-04-12,1952.91,1978.57,1949.82,1966.48,93144
2022-04-13,1967.04,1981.55,1962.88,1978.16,84632
2022-04-14,1977.07,1980.35,1960.56,1973.37,87223
2022-04-18,1972.01,1998.36,1972.01,1978.63,87999
2022-04-19,1976.68,1981.97,1943.68,1950.12,97863
2022-04-20,1949.98,1958.3,1939.35,1957.52,99290
2022-04-21,1956.72,1957.38,1936.81,1951.2,96810
2022-04-22,1950.68,1955.62,1926.53,1930.94,106789
2022-04-25,1933.61,1934.43,1891.49,1897.91,116808
2022-04-26,1898.36,1911.19,1895.7,1905.17,101507
2022-04-27,1905.79,1907.0,1881.37,1885.88,101000
2022-04-28,1885.4,1896.74,1872.04,1894.57,96311
2022-04-29,1894.91,1919.9,1892.58,1896.23,92079
2022-05-02,1897.82,1899.89,1854.47,1862.84,87455
2022-05-03,1863.53,1878.13,1850.42,1868.21,86963
2022-05-04,1868.06,1889.69,1861.45,1881.23,76745
2022-05-05,1882.26,1909.79,1872.48,1877.1,105406
2022-05-06,1876.59,1892.54,1866.12,1882.61,98703
2022-05-09,1883.87,1885.63,1851.69,1853.83,102817
2022-05-10,1854.24,1865.46,1835.46,1838.24,113821
2022-05-11,1839.08,1858.12,1832.03,1852.44,105031
2022-05-12,1851.88,1858.76,1821.29,1821.8,119060
2022-05-13,1822.85,1828.82,1799.14,1811.34,100323
2022-05-16,1813.76,1826.89,1791.41,1823.93,87153
2022-05-17,1825.08,1836.11,1812.9,1815.04,92610
2022-05-18,1814.67,1824.7,1807.39,1816.52,99683
2022-05-19,1816.57,1849.18,1810.96,1842.1,114886
2022-05-20,1841.58,1849.43,1832.38,1846.3,91678
2022-05-23,1849.38,1865.37,1843.46,1853.49,89227
2022-05-24,1853.65,1869.7,1849.35,1866.4,79479
2022-05-25,1865.3,1868.08,1841.99,1853.22,81831
2022-05-26,1853.31,1854.35,1840.7,1850.68,80177
2022-05-27,1851.73,1861.94,1847.99,1853.0,74018
2022-05-30,1852.75,1864.0,1848.18,1855.22,46140
2022-05-31,1855.84,1857.16,1835.11,1837.46,83974
2022-06-01,1837.01,1850.05,1828.51,1846.42,81863
2022-06-02,1846.93,1870.39,1844.11,1868.54,67694
2022-06-03,1869.42,1874.11,1847.33,1850.9,63967
2022-06-06,1849.99,1857.8,1840.63,1841.54,69791
2022-06-07,1840.84,1855.57,1837.07,1852.38,75969
2022-06-08,1852.66,1859.66,1844.64,1853.12,69838
2022-06-09,1852.83,1855.35,1840.06,1847.98,81783
2022-06-10,1847.88,1875.92,1825.08,1871.37,99263
2022-06-13,1876.74,1879.02,1819.04,1819.36,122345
2022-06-14,1819.56,1831.54,1805.09,1808.24,110091
2022-06-15,1808.24,1841.92,1807.5,1833.86,116814
2022-06-16,1833.69,1857.53,1815.8,1856.65,121313
2022-06-17,1855.1,1855.26,1835.04,1840.08,96824
2022-06-20,1837.44,1846.06,1834.75,1838.42,65018
2022-06-21,1837.84,1843.63,1828.55,1833.06,79706
2022-06-22,1833.02,1847.76,1823.41,1837.84,85648
2022-06-23,1837.43,1846.07,1822.51,1822.59,88091
2022-06-24,1823.29,1831.76,1816.93,1826.98,81857
2022-06-27,1835.3,1841.04,1820.73,1822.63,73950
2022-06-28,1822.68,1829.52,1818.42,1819.9,65021
2022-06-29,1820.22,1833.07,1812.03,1817.8,72892
2022-06-30,1818.04,1825.06,1802.74,1807.12,80170
2022-07-01,1806.88,1809.3,1784.53,1808.94,88259
2022-07-04,1811.41,1814.3,1803.97,1807.96,53418
2022-07-05,1807.95,1812.16,1763.88,1764.58,89769
2022-07-06,1766.12,1772.86,1732.25,1739.08,97272
2022-07-07,1740.04,1749.11,1736.45,1740.09,76831
2022-07-08,1740.59,1752.34,1732.93,1742.45,81361
2022-07-11,1741.09,1744.57,1731.24,1734.02,67247
2022-07-12,1733.57,1744.4,1723.24,1726.09,76608
2022-07-13,1725.84,1745.36,1707.15,1735.49,85233
2022-07-14,1735.68,1736.29,1697.56,1709.72,93414
2022-07-15,1706.25,1716.52,1699.09,1707.32,82644
2022-07-18,1706.79,1723.91,1705.94,1708.99,78328
2022-07-19,1709.8,1718.44,1705.38,1711.56,71412
2022-07-20,1711.46,1714.46,1692.51,1696.53,71609
2022-07-21,1696.3,1720.18,1680.92,1718.2,83978
2022-07-22,1717.75,1739.25,1712.89,1727.38,83800
2022-07-25,1726.7,1736.22,1714.74,1719.64,77995
2022-07-26,1719.11,1728.16,1713.62,1717.2,76774
2022-07-27,1717.41,1740.24,1711.5,1734.33,81867
2022-07-28,1734.65,1757.1,1734.07,1755.83,96749
2022-07-29,1755.31,1767.94,1752.07,1766.0,96055
2022-08-01,1764.18,1775.24,1758.36,1772.12,90990
2022-08-02,1771.68,1788.09,1760.5,1761.04,104083
2022-08-03,1761.28,1772.8,1754.3,1765.47,89974
2022-08-04,1765.22,1794.94,1763.25,1791.13,82110
2022-08-05,1790.61,1794.9,1765.02,1775.42,88516
2022-08-08,1772.53,1790.05,1770.82,1788.98,74251
2022-08-09,1788.82,1800.4,1783.26,1794.31,72015
2022-08-10,1794.55,1807.92,1787.61,1792.19,81012
2022-08-11,1792.08,1799.27,1783.58,1789.44,80915
2022-08-12,1789.82,1802.17,1784.94,1801.62,75955
2022-08-15,1802.03,1802.27,1773.02,1779.42,74847
2022-08-16,1779.52,1783.16,1771.46,1775.46,67234
2022-08-17,1775.72,1782.34,1759.87,1762.0,85912
2022-08-18,1762.41,1772.42,1755.44,1758.38,79900
2022-08-19,1759.06,1759.31,1745.58,1747.28,80658
2022-08-22,1746.32,1749.12,1727.82,1736.15,80491
2022-08-23,1735.78,1754.12,1730.84,1747.79,81024
2022-08-24,1747.45,1755.86,1742.5,1751.29,77461
2022-08-25,1751.2,1765.5,1749.94,1758.62,77144
2022-08-26,1758.87,1758.89,1734.24,1738.08,87925
2022-08-29,1736.82,1745.52,1720.36,1737.45,86258
2022-08-30,1737.84,1740.5,1721.21,1724.23,76318
2022-08-31,1723.64,1726.55,1709.65,1710.99,88631
2022-09-01,1711.12,1711.46,1688.84,1697.55,89713
2022-09-02,1697.26,1717.99,1695.02,1712.78,81150
2022-09-05,1711.52,1715.82,1707.76,1710.09,50895
2022-09-06,1710.53,1726.76,1699.86,1701.9,92113
2022-09-07,1702.12,1719.39,1691.42,1718.27,94606
2022-09-08,1718.78,1728.2,1704.02,1708.42,97557
2022-09-09,1708.76,1729.52,1708.56,1716.85,87856
2022-09-12,1717.77,1735.13,1712.0,1724.69,88267
2022-09-13,1724.77,1731.86,1697.1,1702.32,94350
2022-09-14,1701.76,1707.08,1693.68,1697.36,98496
2022-09-15,1697.73,1698.26,1660.38,1664.56,91756
2022-09-16,1665.12,1680.32,1654.18,1675.01,92748
2022-09-19,1675.16,1679.98,1659.68,1675.71,73917
2022-09-20,1675.8,1679.44,1660.02,1664.76,80237
2022-09-21,1664.7,1688.06,1653.96,1673.73,90636
2022-09-22,1671.51,1684.9,1655.69,1671.16,109932
2022-09-23,1671.46,1675.86,1639.82,1644.87,102682
2022-09-26,1643.52,1649.82,1621.18,1622.4,116758
2022-09-27,1623.62,1642.43,1623.38,1629.16,97467
2022-09-28,1629.84,1662.7,1614.87,1659.88,114743
2022-09-29,1659.52,1664.92,1641.55,1660.52,106538
2022-09-30,1660.62,1675.42,1659.27,1660.79,97585
2022-10-03,1662.36,1701.44,1659.71,1699.62,98417
2022-10-04,1698.61,1729.48,1695.19,1726.34,97317
2022-10-05,1724.91,1727.82,1700.54,1716.25,93946
2022-10-06,1716.16,1725.56,1706.95,1712.49,89493
2022-10-07,1712.0,1714.82,1690.64,1694.8,85338
2022-10-10,1697.03,1699.88,1665.7,1668.03,81254
2022-10-11,1668.28,1683.98,1661.02,1666.1,96260
2022-10-12,1666.36,1678.28,1661.42,1673.12,93969
2022-10-13,1673.97,1682.43,1642.44,1666.19,98420
2022-10-14,1666.32,1671.72,1640.22,1644.29,102571
2022-10-17,1646.04,1668.42,1644.13,1650.57,86599
2022-10-18,1650.52,1660.88,1645.86,1651.92,89097
2022-10-19,1652.08,1654.45,1627.74,1629.01,87673
2022-10-20,1629.3,1645.62,1622.52,1628.03,93409
2022-10-21,1628.2,1657.77,1617.26,1657.33,106453
2022-10-24,1661.34,1670.9,1643.97,1649.36,108721
2022-10-25,1649.84,1662.38,1638.31,1653.08,94958
2022-10-26,1652.26,1674.97,1649.74,1664.62,97804
2022-10-27,1664.18,1670.79,1654.93,1663.26,99774
2022-10-28,1662.76,1667.06,1638.02,1644.6,95936
2022-10-31,1642.5,1645.68,1631.81,1633.56,80838
2022-11-01,1632.66,1657.03,1630.74,1647.66,94904
2022-11-02,1646.62,1669.49,1634.8,1635.07,91063
2022-11-03,1635.07,1640.99,1616.66,1629.55,98196
2022-11-04,1629.06,1681.74,1628.76,1680.79,107456
2022-11-07,1673.97,1681.88,1666.88,1675.31,93679
2022-11-08,1674.74,1716.89,1664.74,1712.33,90491
2022-11-09,1711.68,1722.34,1702.18,1706.92,101323
2022-11-10,1706.28,1757.3,1703.9,1755.48,105265
2022-11-11,1753.53,1772.78,1747.27,1770.15,107873
2022-11-14,1764.16,1775.04,1753.27,1771.09,94651
2022-11-15,1770.15,1786.51,1767.1,1778.72,112227
2022-11-16,1778.19,1785.06,1770.34,1773.79,99276
2022-11-17,1773.76,1774.77,1754.47,1760.17,95100
2022-11-18,1760.5,1767.68,1747.56,1750.97,85050
2022-11-21,1751.16,1753.04,1732.55,1737.75,84680
2022-11-22,1738.8,1749.8,1737.06,1739.97,75934
2022-11-23,1739.9,1753.4,1726.5,1749.4,81216
2022-11-24,1749.25,1758.64,1749.22,1755.38,52402
2022-11-25,1755.12,1761.16,1745.97,1754.65,66099
2022-11-28,1754.96,1763.75,1739.67,1741.5,85370
2022-11-29,1740.52,1759.01,1739.81,1749.67,89234
2022-11-30,1749.25,1770.02,1745.07,1768.39,97038
2022-12-01,1768.74,1804.1,1768.56,1802.86,106307
2022-12-02,1802.36,1804.54,1778.61,1798.52,98277
2022-12-05,1796.59,1810.0,1765.87,1768.65,100827
2022-12-06,1768.2,1780.88,1767.34,1770.99,88813
2022-12-07,1770.9,1790.54,1768.73,1785.98,94856
2022-12-08,1785.98,1794.88,1781.47,1788.98,83370
2022-12-09,1789.92,1806.14,1788.52,1797.26,86987
2022-12-12,1796.8,1797.22,1777.54,1781.27,82714
2022-12-13,1781.01,1824.51,1780.98,1810.51,101119
2022-12-14,1810.5,1814.15,1795.56,1807.2,96767
2022-12-15,1807.08,1808.67,1773.81,1776.8,105420
2022-12-16,1776.63,1794.28,1774.32,1792.92,90760
2022-12-19,1792.32,1798.68,1783.88,1787.65,80111
2022-12-20,1787.23,1821.09,1784.65,1817.67,111510
2022-12-21,1817.84,1823.8,1811.84,1814.15,82264
2022-12-22,1814.25,1820.42,1784.8,1792.4,86078
2022-12-23,1793.01,1803.31,1791.19,1798.46,75156
2022-12-27,1800.94,1833.32,1800.17,1813.47,74925
2022-12-28,1814.0,1814.59,1797.06,1804.21,74159
2022-12-29,1804.12,1820.21,1803.78,1814.79,71123
2022-12-30,1814.52,1826.1,1813.48,1823.73,78547
2023-01-03,1826.92,1849.98,1824.21,1839.47,104597
2023-01-04,1838.75,1865.15,1836.17,1854.68,101452
2023-01-05,1854.92,1859.03,1825.11,1832.92,93588
2023-01-06,1831.94,1869.88,1831.44,1865.84,90560
2023-01-09,1867.72,1881.54,1866.44,1871.67,90099
2023-01-10,1870.84,1880.76,1867.87,1876.91,85695
2023-01-11,1876.84,1886.58,1867.14,1875.65,82930
2023-01-12,1874.84,1901.6,1874.68,1896.75,96304
2023-01-13,1895.7,1921.91,1892.35,1920.39,93467
2023-01-16,1919.18,1928.98,1910.85,1915.46,58770
2023-01-17,1915.48,1919.05,1903.8,1908.59,83995
2023-01-18,1908.02,1925.95,1896.64,1904.16,100425
2023-01-19,1903.5,1935.17,1901.04,1932.12,96436
2023-01-20,1931.64,1937.52,1920.71,1926.48,81590
2023-01-23,1926.44,1935.54,1911.44,1930.85,80911
2023-01-24,1930.94,1942.49,1917.18,1937.26,80061
2023-01-25,1937.06,1948.08,1919.91,1946.08,79719
2023-01-26,1946.43,1949.24,1918.63,1928.94,84216
2023-01-27,1928.77,1935.0,1916.72,1928.32,73440
2023-01-30,1927.15,1934.54,1920.71,1923.23,84599
2023-01-31,1922.72,1931.14,1900.87,1928.1,92175
2023-02-01,1927.81,1954.49,1920.63,1950.06,90611
2023-02-02,1952.1,1959.78,1911.36,1912.6,106196
2023-02-03,1912.16,1918.6,1861.44,1865.75,101466
2023-02-06,1861.64,1881.3,1861.6,1867.65,93996
2023-02-07,1867.66,1884.32,1864.97,1873.63,93203
2023-02-08,1873.42,1886.34,1869.1,1875.55,78842
2023-02-09,1875.29,1890.28,1858.98,1861.59,82164
2023-02-10,1863.0,1872.29,1852.73,1865.44,87208
2023-02-13,1864.43,1866.65,1850.46,1853.41,69940
2023-02-14,1853.62,1870.48,1843.39,1854.36,92316
2023-02-15,1853.81,1860.12,1830.58,1835.85,84923
2023-02-16,1836.6,1845.32,1827.66,1836.43,83966
2023-02-17,1836.28,1843.59,1818.9,1841.94,82175
2023-02-20,1841.5,1847.51,1837.24,1841.28,42118
2023-02-21,1841.82,1843.83,1830.23,1834.87,78808
2023-02-22,1834.84,1846.01,1823.57,1825.2,81054
2023-02-23,1825.48,1833.8,1817.46,1822.27,78293
2023-02-24,1822.38,1827.82,1808.98,1810.75,86313
2023-02-27,1812.02,1820.17,1806.72,1817.25,78636
2023-02-28,1817.26,1831.16,1804.75,1826.5,75774
2023-03-01,1826.98,1844.56,1823.04,1836.56,83727
2023-03-02,1837.18,1838.95,1829.98,1835.6,81587
2023-03-03,1836.18,1856.3,1836.14,1855.1,70481
2023-03-06,1854.38,1858.24,1845.15,1846.61,64957
2023-03-07,1846.01,1851.66,1812.76,1813.05,79559
2023-03-08,1813.83,1824.26,1809.38,1813.72,71488
2023-03-09,1814.14,1835.62,1811.9,1830.77,70871
2023-03-10,1831.28,1870.19,1827.79,1867.22,97868
2023-03-13,1883.62,1914.6,1871.51,1913.56,137258
2023-03-14,1912.75,1914.1,1895.43,1903.86,114554
2023-03-15,1904.16,1937.39,1885.7,1918.01,117726
2023-03-16,1918.74,1933.44,1907.52,1919.34,118457
2023-03-17,1919.72,1987.88,1918.23,1987.68,107249
2023-03-20,1987.77,2009.8,1965.88,1978.64,123567
2023-03-21,1979.09,1985.15,1935.45,1940.53,96760
2023-03-22,1939.32,1978.86,1934.27,1969.79,104804
2023-03-23,1968.93,2003.34,1964.59,1993.97,113591
2023-03-24,1993.65,2003.04,1975.24,1978.55,108436
2023-03-27,1978.94,1979.3,1944.06,1956.35,91677
2023-03-28,1956.87,1975.28,1949.16,1973.52,81872
2023-03-29,1973.38,1974.39,1958.73,1964.37,71441
2023-03-30,1963.44,1984.34,1955.36,1980.21,76991
2023-03-31,1980.24,1987.56,1966.92,1969.22,89796
2023-04-03,1961.31,1990.55,1949.74,1984.35,92128
2023-04-04,1985.24,2024.96,1977.02,2020.53,86515
2023-04-05,2021.52,2032.07,2010.06,2020.66,80651
2023-04-06,2020.9,2021.4,2000.84,2007.32,79465
2023-04-10,1996.2,2006.58,1981.71,1991.18,65347
2023-04-11,1991.23,2007.49,1988.8,2003.52,71600
2023-04-12,2003.38,2028.25,2001.44,2014.77,88740
2023-04-13,2014.46,2048.76,2014.04,2040.1,80469
2023-04-14,2040.2,2047.43,1992.43,2004.42,93506
2023-04-17,1998.73,2015.05,1981.2,1995.08,83596
2023-04-18,1994.75,2011.85,1991.32,2005.21,77934
2023-04-19,2005.16,2008.13,1969.62,1994.67,91107
2023-04-20,1994.54,2012.33,1990.5,2004.7,81457
2023-04-21,2004.2,2005.54,1971.64,1982.84,88758
2023-04-24,1981.83,1990.81,1974.13,1989.05,77903
2023-04-25,1989.06,2003.8,1976.12,1997.06,92706
2023-04-26,1996.48,2009.34,1983.32,1989.29,98486
2023-04-27,1989.5,2003.22,1974.18,1987.74,93173
2023-04-28,1987.45,1995.08,1975.99,1989.55,96705
2023-05-01,1989.62,2006.02,1977.08,1982.44,71913
2023-05-02,1982.15,2019.38,1978.5,2016.53,84881
2023-05-03,2015.98,2040.37,2007.36,2038.52,89389
2023-05-04,2071.72,2071.72,2030.4,2050.15,116073
2023-05-05,2048.72,2053.02,1999.52,2016.54,83465
2023-05-08,2016.66,2029.39,2014.3,2021.36,76130
2023-05-09,2021.1,2037.59,2019.51,2034.42,87642
2023-05-10,2034.46,2048.18,2021.54,2030.1,92303
2023-05-11,2029.82,2041.14,2011.13,2014.95,104226
2023-05-12,2015.04,2022.59,2000.93,2010.91,97438
2023-05-15,2008.18,2022.19,2007.28,2016.32,78891
2023-05-16,2016.54,2018.36,1985.51,1988.81,96595
2023-05-17,1989.12,1993.09,1975.04,1981.41,85675
2023-05-18,1981.24,1986.01,1951.97,1957.39,81545
2023-05-19,1958.28,1984.16,1954.01,1977.5,89780
2023-05-22,1977.74,1982.62,1968.94,1971.73,94986
2023-05-23,1972.04,1977.64,1954.26,1974.88,107275
2023-05-24,1975.14,1985.24,1956.74,1957.24,105320
2023-05-25,1958.34,1964.75,1938.85,1940.69,92322
2023-05-26,1941.38,1957.31,1936.72,1946.72,99770
2023-05-29,1943.24,1949.72,1940.26,1943.58,40987
2023-05-30,1943.46,1963.48,1932.07,1959.17,81189
2023-05-31,1959.05,1974.71,1953.69,1962.6,82558
2023-06-01,1963.12,1983.15,1953.37,1977.4,76603
2023-06-02,1976.89,1983.43,1947.5,1947.62,73299
2023-06-05,1947.26,1964.02,1938.14,1961.7,71856
2023-06-06,1961.69,1966.41,1954.38,1963.23,69938
2023-06-07,1963.8,1970.19,1939.77,1939.87,74755
2023-06-08,1940.38,1970.5,1940.12,1965.44,72450
2023-06-09,1965.83,1973.0,1956.64,1960.46,62696
2023-06-12,1960.22,1966.98,1949.22,1957.34,68893
2023-06-13,1957.07,1970.9,1940.06,1943.44,76488
2023-06-14,1943.22,1960.25,1939.61,1941.74,80386
2023-06-15,1942.09,1960.29,1924.7,1957.96,89540
2023-06-16,1957.14,1967.91,1953.29,1957.28,88122
2023-06-19,1958.1,1958.73,1947.83,1950.5,45503
2023-06-20,1951.02,1956.83,1929.83,1936.17,83523
2023-06-21,1936.54,1939.53,1919.2,1932.6,85807
2023-06-22,1932.69,1934.95,1912.43,1913.68,73542
2023-06-23,1914.05,1937.42,1910.17,1920.85,77418
2023-06-26,1923.86,1933.36,1921.57,1923.14,71523
2023-06-27,1923.34,1930.69,1910.92,1913.62,74698
2023-06-28,1914.2,1917.26,1902.85,1907.28,73162
2023-06-29,1907.64,1913.12,1893.01,1908.25,78993
2023-06-30,1908.57,1922.79,1900.54,1919.17,75296
2023-07-03,1918.99,1930.99,1910.12,1921.48,63033
2023-07-04,1921.23,1930.75,1919.95,1925.88,41216
2023-07-05,1925.8,1935.08,1914.75,1915.21,72056
2023-07-06,1915.96,1927.66,1902.66,1910.93,74732
2023-07-07,1910.61,1934.86,1909.58,1925.31,73500
2023-07-10,1924.52,1928.25,1912.68,1925.28,70222
2023-07-11,1925.19,1938.45,1924.38,1932.09,72793
2023-07-12,1932.31,1959.67,1932.26,1957.35,79435
2023-07-13,1957.04,1963.58,1952.43,1960.39,81084
2023-07-14,1960.27,1963.77,1950.95,1955.45,79557
2023-07-17,1955.42,1959.9,1945.78,1954.92,69205
2023-07-18,1954.69,1984.42,1954.61,1978.73,81400
2023-07-19,1978.88,1980.91,1969.77,1976.97,72285
2023-07-20,1976.56,1987.46,1965.38,1969.5,79625
2023-07-21,1970.39,1973.8,1956.86,1961.84,73394
2023-07-24,1962.1,1967.91,1953.4,1954.87,70532
2023-07-25,1955.28,1965.67,1952.5,1964.85,66426
2023-07-26,1964.98,1978.41,1962.0,1972.27,80852
2023-07-27,1971.51,1982.2,1942.62,1945.52,81964
2023-07-28,1946.59,1963.58,1945.38,1959.15,86490
2023-07-31,1959.57,1972.42,1951.31,1965.52,69456
2023-08-01,1965.78,1966.05,1941.27,1944.19,68926
2023-08-02,1950.77,1954.78,1933.04,1934.87,75256
2023-08-03,1935.42,1939.0,1929.55,1933.98,73735
2023-08-04,1934.67,1946.76,1925.68,1942.65,73275
2023-08-07,1942.55,1946.71,1931.53,1936.52,58701
2023-08-08,1936.2,1938.08,1922.78,1925.22,69702
2023-08-09,1925.07,1932.39,1914.07,1914.7,62137
2023-08-10,1914.81,1930.15,1912.17,1912.33,72903
2023-08-11,1912.41,1920.92,1910.8,1913.62,62887
2023-08-14,1912.52,1916.2,1902.74,1907.42,66807
2023-08-15,1907.19,1911.64,1896.36,1901.85,79386
2023-08-16,1901.12,1907.2,1891.84,1891.92,71791
2023-08-17,1891.93,1903.44,1885.04,1889.33,76422
2023-08-18,1889.25,1896.84,1886.8,1889.37,67024
2023-08-21,1889.08,1898.78,1884.86,1894.67,71421
2023-08-22,1894.52,1904.47,1889.16,1897.38,70291
2023-08-23,1897.46,1920.38,1897.17,1915.38,74417
2023-08-24,1915.14,1923.35,1911.81,1916.69,72692
2023-08-25,1916.92,1922.36,1903.8,1914.21,70507
2023-08-28,1915.31,1926.08,1912.84,1920.06,60328
2023-08-29,1919.78,1938.15,1914.46,1937.32,68437
2023-08-30,1937.55,1949.1,1934.97,1942.42,73188
2023-08-31,1942.55,1947.83,1939.01,1940.06,66467
2023-09-01,1939.88,1952.91,1934.44,1939.85,70753
2023-09-04,1940.34,1946.36,1936.79,1938.58,41239
2023-09-05,1938.4,1938.97,1925.36,1925.97,69986
2023-09-06,1926.0,1929.18,1915.31,1916.42,66585
2023-09-07,1916.6,1923.58,1916.26,1919.62,60469
2023-09-08,1919.38,1929.71,1917.34,1919.13,60461
2023-09-11,1919.83,1930.73,1916.8,1922.33,69102
2023-09-12,1922.74,1924.5,1907.64,1913.34,61103
2023-09-13,1912.77,1915.71,1905.59,1908.15,67736
2023-09-14,1908.54,1912.88,1901.0,1910.51,73633
2023-09-15,1910.77,1930.39,1909.8,1923.68,71244
2023-09-18,1923.77,1934.23,1922.57,1933.61,60621
2023-09-19,1933.44,1937.41,1929.81,1931.34,51241
2023-09-20,1931.62,1947.42,1927.95,1930.36,65021
2023-09-21,1930.78,1931.59,1913.94,1919.94,68600
2023-09-22,1919.88,1929.1,1919.44,1925.25,55851
2023-09-25,1924.76,1927.16,1915.16,1915.78,50982
2023-09-26,1916.04,1916.81,1899.12,1900.58,56212
2023-09-27,1900.38,1903.9,1872.54,1874.99,64525
2023-09-28,1876.04,1879.53,1857.68,1864.8,71401
2023-09-29,1865.24,1879.84,1846.32,1848.74,71290
2023-10-02,1847.81,1850.59,1827.14,1827.77,73721
2023-10-03,1828.8,1833.36,1815.32,1822.94,84475
2023-10-04,1822.84,1830.51,1816.64,1821.1,84955
2023-10-05,1821.53,1829.2,1813.07,1820.24,72504
2023-10-06,1820.26,1834.88,1810.43,1831.84,79020
2023-10-09,1848.06,1863.5,1844.23,1861.35,72162
2023-10-10,1861.1,1865.4,1853.0,1860.42,79376
2023-10-11,1859.76,1877.18,1858.63,1874.27,79841
2023-10-12,1874.56,1884.95,1867.89,1868.73,80778
2023-10-13,1868.85,1932.41,1868.7,1932.41,91680
2023-10-16,1929.58,1929.58,1908.18,1920.06,83605
2023-10-17,1919.7,1931.56,1912.41,1923.05,82134
2023-10-18,1923.36,1962.6,1923.24,1947.62,91821
2023-10-19,1947.5,1977.72,1945.25,1974.28,97368
2023-10-20,1974.09,1997.17,1972.02,1980.9,98585
2023-10-23,1965.68,1982.82,1964.38,1972.74,91603
2023-10-24,1972.68,1980.83,1953.59,1971.03,87458
2023-10-25,1971.38,1987.24,1963.05,1979.45,82466
2023-10-26,1980.79,1993.45,1971.86,1984.73,92691
2023-10-27,1984.51,2009.36,1976.88,2005.91,91397
2023-10-30,2004.22,2006.82,1990.92,1996.15,88959
2023-10-31,1995.58,2007.89,1978.88,1983.97,86603
2023-11-01,1983.8,1992.02,1969.88,1982.67,89782
2023-11-02,1983.25,1991.03,1978.85,1985.77,77763
2023-11-03,1985.28,2004.09,1983.28,1992.52,81103
2023-11-06,1992.4,1993.14,1977.4,1977.82,76594
2023-11-07,1977.83,1978.36,1956.68,1969.03,82055
2023-11-08,1968.77,1971.06,1947.44,1950.2,79831
2023-11-09,1950.0,1965.58,1944.64,1958.41,83073
2023-11-10,1958.3,1960.82,1933.04,1938.62,82411
2023-11-13,1938.57,1949.2,1931.72,1946.1,76526
2023-11-14,1946.17,1970.89,1943.81,1963.16,78038
2023-11-15,1962.58,1975.1,1955.44,1959.19,84975
2023-11-16,1960.08,1987.96,1956.52,1981.1,78654
2023-11-17,1980.86,1993.42,1978.64,1980.56,80147
2023-11-20,1978.25,1985.25,1965.42,1977.65,91348
2023-11-21,1977.91,2007.57,1977.71,1998.26,95942
2023-11-22,1998.88,2006.24,1986.91,1989.81,86320
2023-11-23,1989.18,1998.51,1989.12,1992.74,43763
2023-11-24,1992.98,2003.67,1991.45,2002.44,58798
2023-11-27,2002.4,2018.19,2000.64,2014.18,85917
2023-11-28,2014.05,2043.04,2011.7,2041.07,86205
2023-11-29,2041.13,2051.99,2035.41,2044.12,98388
2023-11-30,2044.88,2047.2,2031.24,2036.09,87319
2023-12-01,2036.88,2075.36,2033.89,2071.63,97474
2023-12-04,2072.38,2143.85,2020.15,2028.89,118457
2023-12-05,2029.44,2041.24,2009.92,2019.36,101586
2023-12-06,2018.63,2035.88,2017.24,2025.26,85586
2023-12-07,2026.08,2039.92,2020.15,2028.54,89382
2023-12-08,2028.76,2034.0,1994.67,2004.04,95544
2023-12-11,2003.67,2007.83,1975.92,1981.69,83424
2023-12-12,1982.1,1996.73,1977.23,1979.3,76731
2023-12-13,1979.63,2027.79,1973.02,2027.23,82165
2023-12-14,2028.36,2047.91,2024.35,2036.2,117018
2023-12-15,2036.41,2044.93,2015.59,2019.02,91544
2023-12-18,2019.62,2033.64,2016.01,2027.21,68927
2023-12-19,2027.52,2047.0,2021.71,2040.13,73649
2023-12-20,2040.1,2043.48,2027.46,2031.31,71040
2023-12-21,2031.76,2046.01,2031.57,2045.78,78360
2023-12-22,2045.87,2070.65,2045.87,2052.75,89656
2023-12-26,2053.51,2069.01,2052.97,2067.54,51048
2023-12-27,2068.08,2084.48,2061.51,2077.49,65080
2023-12-28,2078.42,2088.48,2064.64,2065.25,78343
2023-12-29,2065.99,2074.74,2058.25,2063.03,77040
2024-01-02,2063.69,2078.88,2056.04,2058.91,84054
2024-01-03,2059.26,2065.94,2030.6,2041.27,92287
2024-01-04,2041.77,2050.98,2036.31,2043.28,79999
2024-01-05,2043.93,2063.98,2024.48,2045.3,93682
2024-01-08,2045.16,2046.64,2016.84,2028.18,87442
2024-01-09,2028.19,2041.94,2026.14,2030.21,81864
2024-01-10,2030.29,2040.09,2020.47,2024.32,80865
2024-01-11,2024.38,2042.43,2013.36,2028.54,90636
2024-01-12,2028.77,2062.24,2028.73,2048.81,87257
2024-01-15,2048.19,2058.63,2045.8,2054.85,49116
2024-01-16,2054.63,2055.62,2024.28,2028.22,92315
2024-01-17,2028.23,2032.96,2001.91,2006.11,89969
2024-01-18,2005.8,2023.27,2005.62,2022.93,78841
2024-01-19,2023.43,2039.2,2020.44,2029.33,76332
2024-01-22,2029.48,2032.16,2016.89,2021.62,77366
2024-01-23,2021.88,2037.81,2019.65,2029.23,79866
2024-01-24,2029.02,2036.66,2011.22,2013.5,81470
2024-01-25,2014.45,2025.3,2009.69,2020.7,76347
2024-01-26,2020.66,2026.65,2015.96,2018.49,62029
2024-01-29,2023.45,2037.58,2019.33,2032.7,63521
2024-01-30,2032.81,2048.62,2029.09,2036.87,67033
2024-01-31,2036.9,2056.02,2030.89,2039.2,86580
2024-02-01,2039.99,2065.41,2030.08,2054.98,108948
2024-02-02,2054.63,2057.63,2027.87,2039.57,81267
2024-02-05,2039.68,2042.29,2014.92,2025.03,99849
2024-02-06,2024.95,2038.9,2022.92,2035.86,80922
2024-02-07,2035.96,2044.6,2030.63,2035.0,79426
2024-02-08,2035.24,2038.72,2020.2,2034.33,86350
2024-02-09,2034.3,2037.25,2020.32,2024.26,75200
2024-02-12,2023.25,2027.55,2011.9,2019.94,69956
2024-02-13,2019.69,2031.84,1990.19,1992.95,79307
2024-02-14,1993.44,1996.13,1984.26,1992.1,80639
2024-02-15,1992.15,2008.28,1990.3,2004.25,78806
2024-02-16,2004.08,2015.2,1995.11,2013.18,74376
2024-02-19,2014.52,2022.98,2011.31,2017.99,44215
2024-02-20,2017.96,2030.91,2015.05,2024.23,76653
2024-02-21,2024.21,2032.27,2020.07,2025.97,74551
2024-02-22,2025.81,2034.81,2019.66,2024.27,81114
2024-02-23,2024.27,2041.34,2016.08,2035.52,75879
2024-02-26,2034.82,2037.04,2025.1,2031.16,70059
2024-02-27,2031.14,2039.48,2028.81,2030.38,63573
2024-02-28,2030.59,2037.9,2024.49,2034.37,64056
2024-02-29,2034.14,2050.74,2028.11,2044.12,76117
2024-03-01,2043.69,2088.35,2039.1,2083.26,94034
2024-03-04,2082.5,2119.92,2079.51,2114.27,89309
2024-03-05,2114.77,2141.82,2110.51,2127.84,96815
2024-03-06,2128.01,2152.23,2123.73,2148.03,99554
2024-03-07,2148.85,2164.74,2144.22,2159.93,97538
2024-03-08,2159.63,2195.19,2154.02,2178.55,108653
2024-03-11,2179.77,2189.01,2174.88,2182.65,110282
2024-03-12,2182.44,2184.79,2150.66,2158.13,126186
2024-03-13,2157.94,2179.91,2155.82,2174.32,110921
2024-03-14,2174.48,2177.0,2152.8,2162.19,110900
2024-03-15,2161.9,2172.73,2155.21,2155.82,103930
2024-03-18,2155.34,2163.64,2146.16,2160.26,100699
2024-03-19,2160.12,2162.86,2147.19,2157.48,106370
2024-03-20,2157.8,2188.84,2149.63,2186.24,115960
2024-03-21,2186.76,2223.08,2166.47,2181.25,160096
2024-03-22,2181.5,2186.13,2157.16,2165.27,124138
2024-03-25,2165.75,2181.32,2163.62,2171.73,116388
2024-03-26,2171.62,2200.13,2167.67,2178.63,125202
2024-03-27,2178.58,2197.64,2173.49,2194.88,110387
2024-03-28,2194.09,2236.24,2187.41,2232.88,132556
2024-04-01,2239.9,2265.71,2228.54,2251.31,141456
2024-04-02,2251.58,2281.06,2246.77,2280.53,158880
2024-04-03,2280.46,2301.14,2265.47,2299.64,154526
2024-04-04,2299.88,2305.66,2280.06,2290.95,143270
2024-04-05,2290.82,2330.52,2267.79,2329.28,156009
2024-04-08,2324.16,2354.03,2302.98,2338.82,188711
2024-04-09,2338.95,2365.34,2336.97,2352.22,173872
2024-04-10,2353.08,2360.14,2319.38,2333.55,181515
2024-04-11,2333.88,2377.71,2325.77,2372.41,188242
2024-04-12,2371.98,2431.52,2333.84,2344.22,230486
2024-04-15,2352.52,2387.66,2324.39,2383.1,230069
2024-04-16,2382.26,2398.35,2363.07,2382.85,210799
2024-04-17,2381.95,2395.62,2354.68,2361.16,189769
2024-04-18,2361.57,2392.89,2361.37,2378.86,176751
2024-04-19,2378.44,2417.94,2372.89,2390.63,216943
2024-04-22,2388.86,2389.8,2324.57,2327.25,185074
2024-04-23,2327.32,2334.48,2291.51,2322.11,198415
2024-04-24,2321.7,2337.34,2311.84,2315.96,170908
2024-04-25,2315.18,2344.89,2305.1,2332.37,166971
2024-04-26,2332.18,2352.61,2326.37,2337.78,147802
2024-04-29,2336.43,2346.77,2319.91,2335.36,174589
2024-04-30,2335.68,2336.37,2285.17,2286.3,168499
2024-05-01,2286.49,2328.34,2281.73,2319.48,169366
2024-05-02,2321.78,2326.5,2285.51,2303.51,160610
2024-05-03,2303.97,2320.62,2277.34,2301.67,150781
2024-05-06,2304.9,2332.04,2291.85,2323.76,149204
2024-05-07,2324.18,2329.99,2310.03,2313.83,130715
2024-05-08,2313.7,2321.48,2303.73,2308.83,129873
2024-05-09,2308.9,2347.27,2306.66,2346.02,127810
2024-05-10,2346.47,2378.48,2345.27,2360.47,147080
2024-05-13,2361.65,2364.53,2332.17,2336.14,127323
2024-05-14,2336.3,2359.72,2334.87,2358.0,126924
2024-05-15,2357.81,2390.26,2351.87,2385.76,149690
2024-05-16,2385.62,2397.4,2371.01,2376.72,143031
2024-05-17,2377.18,2422.75,2374.03,2413.84,130830
2024-05-20,2416.14,2450.06,2407.39,2426.22,193263
2024-05-21,2426.92,2433.96,2406.27,2420.88,173957
2024-05-22,2421.25,2426.54,2374.98,2378.58,175043
2024-05-23,2379.77,2383.74,2327.03,2328.55,186862
2024-05-24,2328.68,2347.42,2325.43,2333.86,135011
2024-05-27,2338.13,2358.56,2332.32,2351.24,106311
2024-05-28,2351.4,2364.07,2340.33,2361.13,142999
2024-05-29,2360.52,2362.66,2334.54,2338.0,139043
2024-05-30,2337.98,2351.87,2322.65,2342.98,160275
2024-05-31,2344.1,2359.72,2320.64,2327.46,166661
2024-06-03,2327.79,2354.77,2314.79,2350.45,173111
2024-06-04,2350.78,2352.86,2315.66,2326.79,180440
2024-06-05,2326.54,2357.44,2325.91,2355.13,161411
2024-06-06,2356.17,2378.52,2353.5,2375.68,170841
2024-06-07,2375.82,2387.72,2286.82,2293.38,212141
2024-06-10,2294.62,2313.8,2287.79,2310.86,141598
2024-06-11,2311.81,2319.97,2297.77,2316.73,156954
2024-06-12,2317.06,2341.66,2310.7,2324.88,177566
2024-06-13,2324.96,2326.72,2295.55,2303.85,168811
2024-06-14,2303.91,2336.68,2301.56,2332.6,178178
2024-06-17,2331.37,2332.87,2310.05,2318.96,141443
2024-06-18,2318.93,2333.17,2306.62,2329.34,145887
2024-06-19,2329.02,2335.01,2323.78,2328.24,88438
2024-06-20,2328.8,2365.54,2327.75,2360.02,158137
2024-06-21,2360.4,2368.77,2316.78,2321.42,158972
2024-06-24,2321.61,2334.71,2317.71,2334.43,136008
2024-06-25,2333.97,2337.13,2315.56,2319.51,133492
2024-06-26,2319.19,2324.09,2293.66,2298.06,153119
2024-06-27,2298.33,2330.95,2296.56,2327.48,143222
2024-06-28,2327.72,2339.76,2319.09,2326.4,148849
2024-07-01,2327.13,2338.54,2318.56,2331.72,144270
2024-07-02,2331.45,2336.81,2319.07,2329.35,139167
2024-07-03,2329.47,2364.98,2326.96,2356.07,142054
2024-07-04,2355.19,2362.55,2350.52,2356.98,80833
2024-07-05,2357.31,2392.96,2352.63,2391.06,156377
2024-07-08,2385.2,2391.12,2351.07,2359.09,146386
2024-07-09,2358.98,2371.56,2349.49,2363.73,143137
2024-07-10,2363.63,2386.68,2363.04,2371.26,123435
2024-07-11,2371.25,2424.58,2370.95,2415.3,159325
2024-07-12,2415.54,2418.3,2391.45,2411.59,153656
2024-07-15,2411.8,2439.78,2401.37,2422.23,160395
2024-07-16,2422.23,2469.71,2420.02,2468.69,165864
2024-07-17,2468.45,2483.69,2451.58,2458.66,194639
2024-07-18,2458.66,2474.94,2440.38,2445.08,174249
2024-07-19,2445.41,2445.86,2393.86,2400.3,179677
2024-07-22,2401.86,2412.17,2383.92,2396.35,163139
2024-07-23,2396.23,2412.06,2388.3,2409.62,157250
2024-07-24,2408.92,2432.02,2396.72,2397.23,173035
2024-07-25,2397.28,2401.24,2353.14,2364.49,234935
2024-07-26,2364.16,2390.81,2355.85,2387.34,172714
2024-07-29,2388.99,2403.16,2369.68,2383.5,178928
2024-07-30,2383.31,2412.89,2376.51,2410.92,173765
2024-07-31,2410.23,2451.01,2403.92,2447.24,212195
2024-08-01,2448.4,2462.31,2430.27,2446.3,229490
2024-08-02,2446.36,2477.72,2410.87,2441.38,248221
2024-08-05,2442.1,2458.78,2364.35,2409.96,329638
2024-08-06,2410.23,2418.36,2381.78,2389.85,250745
2024-08-07,2391.85,2407.06,2379.07,2383.06,208203
2024-08-08,2382.79,2427.64,2380.96,2427.18,210262
2024-08-09,2426.89,2437.07,2416.93,2431.07,174936
2024-08-12,2429.67,2473.16,2423.88,2472.03,151090
2024-08-13,2470.53,2476.97,2458.51,2464.98,165524
2024-08-14,2465.72,2480.02,2438.13,2447.92,187008
2024-08-15,2447.56,2470.09,2432.23,2456.24,174003
2024-08-16,2456.42,2509.76,2450.82,2507.46,174410
2024-08-19,2510.66,2510.75,2485.67,2504.23,179239
2024-08-20,2503.13,2531.72,2497.36,2514.01,176292
2024-08-21,2513.64,2519.98,2494.03,2512.3,178811
2024-08-22,2511.89,2514.68,2470.87,2484.73,177337
2024-08-23,2484.76,2518.37,2484.46,2511.93,177055
2024-08-26,2512.77,2526.94,2508.76,2517.91,172922
2024-08-27,2517.98,2525.99,2503.58,2524.59,163448
2024-08-28,2524.44,2529.04,2493.66,2504.67,167249
2024-08-29,2504.48,2528.72,2503.69,2521.09,171932
2024-08-30,2521.26,2526.91,2494.17,2503.35,172860
2024-09-02,2503.75,2507.32,2490.06,2499.61,107527
2024-09-03,2499.09,2506.31,2473.47,2492.86,183475
2024-09-04,2492.73,2500.27,2471.93,2495.44,169085
2024-09-05,2495.19,2523.47,2493.86,2516.63,167669
2024-09-06,2516.57,2529.22,2485.16,2497.61,189736
2024-09-09,2496.33,2507.18,2485.57,2506.22,166785
2024-09-10,2506.07,2518.47,2500.16,2516.54,158668
2024-09-11,2516.38,2529.06,2500.97,2511.35,191585
2024-09-12,2511.76,2560.12,2511.04,2558.6,183215
2024-09-13,2558.6,2586.08,2556.81,2578.38,187977
2024-09-16,2579.35,2589.68,2575.29,2582.42,145477
2024-09-17,2582.18,2586.95,2560.82,2569.45,161971
2024-09-18,2569.42,2600.16,2546.86,2559.27,197090
2024-09-19,2558.74,2594.89,2551.16,2586.61,210911
2024-09-20,2586.52,2625.79,2584.82,2622.26,186244
2024-09-23,2618.89,2634.88,2613.92,2628.39,168235
2024-09-24,2628.63,2664.39,2622.68,2656.99,201762
2024-09-25,2657.25,2670.52,2649.83,2657.02,185292
2024-09-26,2656.99,2685.58,2654.84,2672.23,203215
2024-09-27,2672.14,2674.34,2643.18,2659.81,211054
2024-09-30,2658.49,2666.04,2624.74,2634.53,203458
2024-10-01,2634.38,2673.11,2632.13,2663.37,180262
2024-10-02,2663.11,2663.46,2641.18,2658.67,170223
2024-10-03,2658.33,2662.94,2638.01,2656.01,187581
2024-10-04,2655.71,2670.2,2632.05,2653.57,183181
2024-10-07,2651.45,2659.66,2637.81,2642.51,175171
2024-10-08,2642.63,2653.09,2604.81,2621.85,230809
2024-10-09,2621.56,2624.31,2605.21,2607.68,186724
2024-10-10,2607.4,2631.51,2604.49,2630.05,199606
2024-10-11,2629.74,2661.45,2628.18,2656.38,168711
2024-10-14,2656.86,2666.82,2643.2,2648.52,157204
2024-10-15,2648.71,2668.93,2638.14,2662.64,183565
2024-10-16,2662.55,2685.34,2658.75,2673.64,181901
2024-10-17,2673.71,2696.76,2673.21,2692.83,193296
2024-10-18,2692.53,2722.54,2692.23,2721.91,193297
2024-10-21,2719.57,2740.58,2714.24,2719.5,206802
2024-10-22,2719.87,2748.9,2718.93,2748.81,192102
2024-10-23,2746.85,2758.45,2708.79,2715.57,201942
2024-10-24,2715.48,2743.26,2715.09,2735.84,196567
2024-10-25,2735.83,2747.75,2717.08,2747.39,176901
2024-10-28,2734.61,2745.98,2724.75,2742.24,177065
2024-10-29,2742.21,2774.8,2739.93,2774.44,185672
2024-10-30,2774.29,2790.01,2770.94,2787.21,187526
2024-10-31,2787.47,2790.1,2731.59,2743.77,197108
2024-11-01,2743.83,2762.22,2733.26,2735.84,200952
2024-11-04,2735.95,2748.22,2730.55,2736.46,189027
2024-11-05,2735.83,2749.97,2724.76,2743.72,189401
2024-11-06,2743.26,2749.73,2652.41,2658.94,359739
2024-11-07,2659.17,2710.26,2643.44,2706.24,266846
2024-11-08,2705.86,2710.42,2680.34,2684.15,232749
2024-11-11,2685.59,2686.21,2610.71,2619.3,227204
2024-11-12,2618.73,2627.12,2589.69,2597.98,252940
2024-11-13,2597.75,2618.81,2572.65,2572.7,248471
2024-11-14,2574.82,2581.45,2536.85,2564.53,270394
2024-11-15,2564.95,2576.02,2554.5,2561.78,224425
2024-11-18,2563.07,2615.12,2561.5,2611.72,222251
2024-11-19,2611.77,2639.47,2610.47,2632.11,244879
2024-11-20,2631.96,2655.45,2618.82,2650.08,202478
2024-11-21,2649.94,2673.54,2648.63,2669.41,204388
2024-11-22,2669.42,2715.5,2668.16,2715.34,247228
2024-11-25,2714.29,2721.38,2615.65,2625.46,281344
2024-11-26,2625.05,2641.96,2605.28,2633.02,246633
2024-11-27,2632.76,2658.25,2627.07,2635.95,205390
2024-11-28,2637.8,2649.73,2620.95,2637.84,134126
2024-11-29,2637.56,2666.26,2634.05,2650.39,199416
2024-12-02,2652.29,2654.93,2621.94,2638.62,242572
2024-12-03,2638.76,2655.66,2634.12,2643.5,210266
2024-12-04,2643.29,2657.21,2632.46,2649.88,206856
2024-12-05,2649.6,2655.54,2623.6,2631.66,183649
2024-12-06,2631.62,2645.63,2613.42,2632.67,211839
2024-12-09,2644.77,2676.51,2627.55,2660.18,215741
2024-12-10,2660.72,2695.59,2657.96,2693.8,197007
2024-12-11,2694.07,2721.18,2675.7,2717.95,222059
2024-12-12,2717.54,2726.16,2675.16,2680.55,201878
2024-12-13,2680.96,2692.69,2646.16,2648.8,207375
2024-12-16,2652.63,2664.42,2643.53,2652.62,161448
2024-12-17,2652.74,2658.65,2633.12,2646.4,179994
2024-12-18,2646.5,2651.69,2583.62,2585.31,206829
2024-12-19,2585.44,2626.4,2582.92,2594.39,226241
2024-12-20,2594.36,2632.06,2589.62,2623.03,198479
2024-12-23,2621.51,2633.41,2608.16,2612.77,160536
2024-12-24,2613.02,2621.51,2610.18,2616.98,110978
2024-12-26,2615.88,2639.13,2614.78,2633.53,122005
2024-12-27,2636.16,2638.16,2611.68,2621.54,139604
2024-12-30,2618.93,2627.99,2596.2,2605.96,154338
2024-12-31,2604.67,2627.5,2602.64,2624.43,135165
2025-01-02,2625.14,2660.44,2621.74,2657.98,189176
2025-01-03,2658.32,2665.36,2636.7,2639.98,159578
2025-01-06,2642.74,2649.48,2614.79,2635.77,205562
2025-01-07,2636.2,2664.27,2632.91,2648.42,191267
2025-01-08,2648.38,2669.98,2645.3,2661.44,184789
2025-01-09,2660.75,2678.22,2655.56,2670.34,145684
2025-01-10,2670.44,2697.88,2664.1,2688.96,223018
2025-01-13,2690.82,2693.44,2656.76,2662.98,222018
2025-01-14,2663.54,2678.2,2659.97,2677.37,198748
2025-01-15,2675.04,2697.32,2669.27,2696.28,190799
2025-01-16,2694.56,2724.76,2689.94,2714.26,218751
2025-01-17,2714.2,2717.39,2699.3,2702.92,196152
2025-01-20,2704.56,2713.71,2689.37,2707.19,184818
2025-01-21,2707.9,2745.95,2702.9,2744.69,236801
2025-01-22,2740.77,2763.41,2740.56,2756.18,206245
2025-01-23,2756.12,2758.79,2735.98,2754.52,174029
2025-01-24,2754.2,2786.02,2753.5,2771.48,157106
2025-01-27,2770.61,2772.63,2730.59,2740.7,171616
2025-01-28,2740.35,2764.99,2734.78,2763.17,124781
2025-01-29,2763.14,2766.2,2744.73,2759.68,147620
2025-01-30,2759.32,2798.45,2758.24,2794.06,144090
2025-01-31,2796.18,2817.11,2791.08,2798.47,158390
2025-02-03,2797.69,2830.77,2772.21,2814.75,203455
2025-02-04,2814.12,2845.39,2807.36,2842.01,174744
2025-02-05,2842.81,2882.27,2839.8,2867.02,158672
2025-02-06,2866.24,2873.37,2834.28,2855.55,150629
2025-02-07,2856.05,2886.8,2852.52,2861.3,152932
2025-02-10,2858.37,2911.96,2854.81,2907.88,156703
2025-02-11,2907.87,2942.71,2881.71,2897.53,191966
2025-02-12,2898.21,2909.2,2864.22,2903.97,164928
2025-02-13,2904.05,2929.36,2900.52,2928.34,138294
2025-02-14,2927.62,2940.06,2876.98,2882.5,160621
2025-02-17,2884.74,2906.44,2878.15,2899.13,116449
2025-02-18,2898.42,2936.92,2892.01,2935.08,125057
2025-02-19,2935.5,2946.94,2918.58,2932.99,143965
2025-02-20,2933.5,2954.94,2924.21,2939.06,140720
2025-02-21,2937.7,2949.77,2916.79,2935.89,140431
2025-02-24,2934.55,2956.29,2921.34,2952.62,152403
2025-02-25,2952.35,2953.79,2888.22,2914.82,170775
2025-02-26,2915.2,2930.2,2890.84,2916.11,134781
2025-02-27,2916.73,2920.85,2867.89,2877.12,163006
2025-02-28,2877.26,2885.13,2832.7,2859.06,173538
2025-03-03,2856.12,2895.27,2855.87,2892.99,149031
2025-03-04,2892.22,2927.81,2881.96,2917.7,152456
2025-03-05,2917.87,2929.96,2894.39,2919.13,170655
2025-03-06,2919.62,2926.55,2891.02,2910.74,171093
2025-03-07,2911.22,2930.54,2896.84,2911.94,171758
2025-03-10,2911.53,2918.3,2880.31,2889.24,158880
2025-03-11,2888.78,2922.09,2880.25,2915.5,132054
2025-03-12,2915.65,2940.53,2906.17,2933.31,133297
2025-03-13,2934.39,2989.1,2932.92,2988.8,137719
2025-03-14,2989.32,3004.97,2978.52,2986.24,137530
2025-03-17,2985.02,3001.68,2982.31,3001.02,112769
2025-03-18,3000.67,3038.24,2999.41,3033.76,124727
2025-03-19,3033.79,3051.82,3022.74,3047.16,118585
2025-03-20,3047.97,3057.58,3025.77,3044.47,124562
2025-03-21,3044.29,3047.47,2999.37,3022.94,116965
2025-03-24,3016.09,3033.48,3002.48,3011.96,123889
2025-03-25,3011.72,3035.94,3007.51,3019.81,104073
2025-03-26,3019.57,3031.97,3012.26,3018.85,124518
2025-03-27,3017.01,3059.74,3017.01,3056.42,212573
2025-03-28,3055.19,3086.76,3053.91,3084.2,179190
2025-03-31,3086.99,3127.92,3076.67,3123.96,157276
2025-04-01,3123.08,3148.98,3100.93,3114.12,160474
2025-04-02,3113.71,3144.3,3105.28,3132.12,140156
2025-04-03,3140.27,3167.72,3054.24,3114.19,218448
2025-04-04,3115.15,3136.45,3015.83,3037.34,210168
2025-04-07,3007.64,3055.48,2956.56,2982.01,253705
2025-04-08,2982.76,3022.69,2974.75,2981.96,195408
2025-04-09,2983.32,3099.49,2970.05,3082.78,237905
2025-04-10,3082.85,3176.33,3071.42,3175.39,211690
2025-04-11,3175.76,3245.37,3175.73,3237.53,214251
2025-04-14,3228.56,3245.78,3193.76,3210.46,177764
2025-04-15,3211.13,3233.58,3210.03,3229.36,127998
2025-04-16,3231.17,3342.94,3229.84,3342.85,193378
2025-04-17,3343.15,3357.74,3283.73,3327.24,183886
2025-04-21,3333.47,3430.57,3326.27,3424.4,181385
2025-04-22,3424.22,3500.12,3366.88,3380.93,236133
2025-04-23,3348.87,3386.68,3260.33,3288.12,226708
2025-04-24,3288.53,3367.5,3288.47,3348.58,183812
2025-04-25,3350.45,3370.75,3265.08,3318.62,190311
2025-04-28,3324.76,3353.06,3267.99,3343.99,173448
2025-04-29,3344.73,3348.67,3299.66,3317.2,155555
2025-04-30,3313.79,3328.12,3266.98,3288.27,163783
2025-05-01,3289.25,3290.21,3202.04,3237.89,164980
2025-05-02,3238.74,3269.27,3222.51,3240.3,163121
2025-05-05,3239.46,3337.64,3237.44,3333.96,167447
2025-05-06,3336.26,3434.74,3323.49,3430.46,193672
2025-05-07,3438.27,3438.27,3360.26,3364.44,194997
2025-05-08,3366.2,3414.79,3288.75,3305.85,195246
2025-05-09,3304.71,3347.52,3274.79,3327.15,177465
2025-05-12,3287.31,3303.19,3207.85,3234.78,212745
2025-05-13,3236.61,3265.52,3215.9,3249.98,165606
2025-05-14,3249.83,3257.1,3168.06,3177.4,192582
2025-05-15,3177.53,3240.5,3120.57,3239.64,189780
2025-05-16,3240.3,3252.23,3154.3,3201.0,182994
2025-05-19,3219.99,3249.79,3206.42,3230.12,160258
2025-05-20,3230.46,3295.68,3204.84,3289.66,164150
2025-05-21,3289.68,3324.86,3285.51,3315.11,177353
2025-05-22,3314.74,3345.43,3279.2,3294.71,194325
2025-05-23,3295.14,3365.95,3287.13,3357.9,181000
2025-05-26,3355.33,3356.81,3323.7,3342.3,105835
2025-05-27,3342.87,3350.0,3285.38,3300.56,165896
2025-05-28,3301.03,3325.5,3276.76,3288.64,160677
2025-05-29,3286.95,3331.23,3245.53,3317.56,181954
2025-05-30,3318.59,3322.7,3271.52,3288.72,160114
2025-06-02,3298.26,3380.46,3295.92,3379.89,156875
